ID,Discount_offered,Weight_in_gms,Reached.on.Time_Y.N
3326,9,5184,0
6313,10,1683,0
4612,7,4883,1
7606,2,4298,0
7950,6,5128,0
7960,7,1831,0
3174,7,5927,0
8432,8,4028,1
6582,7,1475,1
6201,1,4027,0
3605,5,1149,0
3510,8,5787,1
5063,1,4053,0
3392,5,4120,1
5769,3,1503,1
6637,1,5986,0
7398,5,1622,0
3295,5,4283,1
3536,2,4612,0
4174,8,4012,1
3775,1,4533,0
8100,6,5182,1
4700,8,5525,0
6723,3,4596,0
8466,10,5098,1
3176,6,4444,1
5680,1,5407,0
3723,10,4318,0
6101,7,4556,0
7044,3,4760,0
7307,4,5966,1
5828,7,5056,1
4160,7,5370,1
3937,6,5709,1
8412,10,4979,1
5898,1,4122,0
3809,7,5795,0
4385,1,5646,0
5578,10,5493,1
8334,1,1627,1
3300,10,4919,0
5387,7,4604,0
4843,7,5241,1
3660,2,5559,0
3749,1,4922,1
7588,8,5529,0
8657,1,1601,0
5953,10,4534,0
3801,1,5533,1
4915,8,4239,0
5672,1,5815,1
8190,3,4380,0
6052,6,1529,1
3881,3,4423,0
8540,9,4908,0
3369,2,1233,0
5639,5,4382,0
6902,6,1201,0
7790,3,4829,0
5256,4,1806,0
4065,6,4081,1
7149,8,1941,0
5527,9,1460,0
7447,10,4902,1
4126,2,5916,1
7095,1,4303,0
5519,2,1965,0
7352,6,5540,1
6610,10,1505,0
8871,10,1784,0
6941,10,5302,1
6642,1,4324,1
3474,4,4745,0
4175,5,4362,0
5675,10,5775,0
8775,8,5243,1
3698,1,5913,1
8677,9,5889,0
5360,8,5645,1
5234,7,5743,1
8600,8,1943,0
6636,6,4403,0
3492,3,5121,0
3781,8,5021,0
8934,6,1823,0
4699,2,5722,0
7289,7,4723,1
6766,4,4498,1
5977,3,4103,0
4871,6,5612,0
8691,1,4623,0
4779,5,5324,1
4266,9,5514,1
8381,9,5795,0
7391,8,4178,1
6926,3,1946,0
3537,7,4390,1
3253,6,4808,1
4797,10,1141,1
3528,4,4521,0
5281,3,1217,1
4832,5,4456,1
4537,1,5532,1
5111,7,5013,1
8197,6,5783,0
5511,8,1015,0
8311,5,1397,0
4188,10,4262,0
5522,10,1983,1
5430,6,5255,1
7205,10,1015,1
5401,9,4647,0
8999,4,4790,0
7641,4,5610,1
7948,5,4104,1
3574,5,5545,1
3270,9,4613,0
5897,1,4176,0
7346,8,4826,0
6402,8,5516,0
3643,6,5064,0
3606,3,1966,0
8666,2,5385,0
8564,9,4648,0
8845,1,4039,0
3835,4,4475,1
6691,10,5495,0
4238,1,4539,0
3201,4,1991,0
6842,6,5852,1
7715,6,1726,1
4054,5,4608,0
5644,5,4380,1
8417,10,5394,0
4818,9,1885,0
3627,10,5491,1
6975,2,5986,1
4925,7,4622,0
3782,6,5032,0
3758,1,5999,1
6187,1,5476,0
3328,1,5021,0
4225,1,5374,1
8611,9,1549,1
4411,2,4018,1
6906,5,1261,1
6425,4,4200,0
6282,9,1936,1
5905,3,4559,1
8947,1,4752,0
8622,9,1206,1
7229,4,5909,0
3189,2,4847,0
6782,1,4843,1
4879,10,5939,1
5293,6,4853,0
4650,4,4745,0
4495,7,5325,1
4607,1,5073,1
7246,2,5294,0
5080,2,4353,1
7923,5,5347,0
7023,10,4828,0
6372,9,4034,1
4863,10,5560,1
6099,10,5297,0
6896,2,1593,1
5920,6,4654,0
8132,1,4369,0
6939,3,5218,1
4371,10,5632,0
8762,6,4631,0
6742,2,4635,0
6059,7,5913,0
7194,4,1665,1
3903,2,4735,0
8146,1,4171,1
7978,4,5761,1
7629,3,5616,0
3408,7,4915,0
4023,4,4003,0
7437,10,4345,0
4746,1,5307,0
8637,1,1294,1
8915,6,1670,1
8394,10,4376,1
8214,4,4487,0
7521,1,4133,0
6086,6,4848,1
6459,9,4250,1
4239,5,4236,0
7263,4,4447,1
8201,7,5976,0
4945,4,4283,0
5105,8,4269,0
4796,2,1326,0
7131,3,5957,1
6520,9,5873,1
6670,1,5459,0
5015,4,1392,0
5703,6,4174,1
6673,10,5897,0
5779,8,1922,0
6329,8,5111,1
4259,7,4683,0
8798,9,4100,0
3016,1,1021,1
4451,5,4494,1
5930,10,5401,0
6145,1,4470,1
4815,3,1670,0
5976,4,4969,0
4844,8,5346,1
3767,8,5014,0
7621,2,5443,0
7005,6,4114,1
5891,8,4837,0
6115,8,4586,1
5349,9,4390,0
5466,6,1890,1
3899,9,4932,1
8401,1,5098,0
8200,7,4200,1
3151,3,4943,0
7416,5,1184,1
8013,3,1474,0
3858,2,4882,1
7967,8,5006,1
3373,7,4568,1
4078,6,4705,1
3655,9,4289,1
5277,4,1302,0
3647,2,5849,1
6106,7,4764,0
3747,1,4407,0
3670,8,4620,1
5854,10,5254,1
7796,10,5642,1
7376,1,5931,0
3704,5,4184,1
4458,2,4221,0
4000,6,5680,0
6239,5,5647,0
7812,7,5913,0
8512,2,5420,0
8213,6,5540,0
3609,5,5657,0
5129,3,4006,1
6007,1,1317,1
3476,7,5668,1
4901,1,4584,0
4264,6,4811,0
6275,1,1188,0
8172,9,4896,0
8219,4,4426,0
7002,2,4154,0
4146,8,4042,0
7470,8,1132,1
5651,10,5086,0
6785,6,5319,0
5141,9,5528,0
3776,9,5252,1
7682,5,4764,1
3762,6,5101,0
5243,3,5391,0
5967,1,1187,1
4826,9,5133,1
3184,5,4710,0
7141,5,1678,0
8990,1,4541,1
7900,9,5385,0
7680,3,5691,0
3692,3,5638,1
7984,1,4747,0
5550,9,5235,1
4800,9,1327,0
7199,5,1112,1
4372,4,4099,0
7909,10,4148,0
5707,3,4661,1
7868,4,4367,0
4426,7,4485,1
3475,3,4138,0
8104,1,5757,0
8558,10,1156,0
6678,9,4305,1
8232,7,5571,0
6876,4,1284,1
5822,3,4306,1
7122,5,5188,0
4950,5,5914,1
7012,5,4659,0
5784,3,1012,1
4968,2,4746,1
5608,9,5853,1
7526,3,4846,1
4951,3,4235,0
7119,8,4523,0
7928,5,4303,1
7508,9,1973,0
7731,9,1499,0
7769,10,1841,1
7616,8,5944,1
3057,4,1095,1
6093,3,4607,0
6240,10,4771,1
3519,5,4082,1
3987,9,4659,0
7223,7,5337,0
7123,5,5025,1
5637,10,4437,0
7652,9,5539,0
7304,2,4075,0
8982,10,5705,1
6206,3,4073,1
7242,7,5554,1
8474,2,5486,1
6147,9,5769,0
4989,7,1674,0
8028,7,1393,1
5856,6,4286,1
3969,3,4187,1
3559,6,4076,0
5350,10,4230,1
6890,1,1150,1
4543,6,1569,0
3398,1,4774,0
7979,3,4835,1
8680,3,5505,0
7573,6,4295,1
8089,4,5738,0
5641,6,4618,0
8587,9,5962,0
6528,10,4597,0
6767,2,4521,0
4658,10,5832,1
5685,10,5759,0
7582,7,5740,0
5728,6,1135,0
6719,6,4918,0
5449,9,5354,1
6123,10,5395,1
8342,10,1422,0
5169,9,5517,0
4258,10,4028,0
7980,7,4042,1
5307,1,5676,1
5413,3,5527,0
7335,8,5214,1
4370,3,4652,1
3612,1,5776,1
5133,7,5401,0
7321,7,4058,1
5945,5,5490,0
7546,9,4890,1
8616,7,1380,0
3493,3,4816,1
5757,2,1862,1
8043,3,1578,1
7451,6,1986,1
5267,6,1178,1
8635,2,1592,0
5867,8,4093,1
7845,7,5069,1
4166,8,4861,0
3304,5,4268,0
3854,9,5016,1
5520,9,1321,0
5029,5,1023,0
4834,5,4206,0
7735,4,1991,1
8825,5,1885,0
3119,1,3624,1
5570,1,4391,0
6020,3,1385,0
4663,8,4418,1
3600,5,4883,1
6587,9,1036,1
8480,1,4020,1
8096,3,4578,0
6082,9,5080,1
8072,3,5672,0
8995,1,4177,1
6196,9,5556,0
3254,10,4186,0
7491,1,1872,0
3322,6,4203,0
6169,4,4339,1
3428,6,4802,0
8399,1,5650,1
7217,9,1876,0
7602,4,4307,1
3264,7,4104,1
3136,8,5031,0
5764,5,1867,0
5168,3,5785,0
4445,9,4917,1
7427,10,4363,0
7714,3,1079,0
6408,2,4036,1
3771,7,5100,0
3421,6,4984,1
6853,4,5456,1
4928,4,5888,0
4496,5,4195,1
4921,3,4837,1
5859,8,4632,0
4448,2,5364,0
6376,3,4379,1
6944,5,4112,1
5142,8,4558,0
5737,4,4632,0
6530,10,5374,1
6991,2,5630,0
6003,6,1580,0
3772,10,5764,0
8554,10,1512,0
7400,7,1099,1
8481,8,5335,1
5627,9,4446,1
4053,1,4929,1
8346,2,1473,0
8459,7,4220,1
7413,8,1689,0
7640,10,5211,0
7797,2,4800,0
5049,4,5580,0
7017,2,5089,0
8710,9,4142,0
4640,5,4355,0
5919,5,5656,0
6882,4,1532,1
4641,2,4639,0
5272,6,1362,1
8780,3,4108,1
5539,4,1929,1
8834,1,1589,1
4669,2,4556,0
4567,10,1783,0
3534,6,4343,1
3875,4,5463,0
8707,2,4060,0
7160,3,1148,0
8242,8,4632,0
8074,9,4221,0
6696,5,4946,0
4982,9,5313,1
3454,1,4045,1
5545,1,4655,1
7049,3,5555,0
7547,6,4209,1
5721,3,1276,0
6018,3,1006,0
7726,9,1667,1
7896,7,5653,0
3998,5,4402,0
7608,2,5361,0
8751,4,4666,0
8344,2,1260,0
4555,4,1192,1
7842,2,4865,1
8363,6,1043,0
3506,5,5660,0
4400,5,4640,1
6002,3,1786,1
8985,6,5474,1
8941,3,5356,0
4659,9,4814,0
3824,1,5235,1
5557,3,4129,1
8610,4,1952,1
3212,4,4015,0
7338,9,4252,0
4004,2,4153,0
5493,6,4392,0
8699,2,5359,0
4284,9,5466,1
8902,1,1875,1
5131,7,4559,0
5971,6,5078,0
5622,2,4541,1
4153,10,5527,0
8959,4,5926,1
8562,5,1869,1
8880,6,1310,1
4267,3,5673,0
8110,5,4522,1
4176,8,5589,0
6619,4,1349,1
7091,3,4320,1
8496,8,4322,1
6304,3,1958,0
6387,5,5995,1
4579,4,4104,1
6648,2,4497,1
7085,1,5698,1
8075,9,5016,0
4599,1,5929,0
7280,3,4407,0
6120,7,5941,1
3784,10,5281,0
4376,10,5585,0
7494,4,1399,0
3827,7,5718,0
6859,1,4476,1
8826,10,1221,1
5138,1,5940,1
4310,8,4914,0
3530,3,5658,0
7192,4,1652,1
5452,7,4408,0
8724,5,5870,0
7659,4,4409,1
6866,9,1876,0
7561,4,5485,1
7564,6,4450,0
5338,8,5614,0
8518,6,4562,1
6110,8,5767,1
8681,9,4580,1
6392,10,4486,0
4125,7,4403,1
8747,8,4599,0
6951,6,5267,0
8269,7,1427,0
7550,2,5502,0
4196,5,4415,0
6073,3,4509,0
8495,4,4074,0
4350,9,5401,0
4788,9,4428,1
7911,7,5637,0
4817,9,1789,1
8579,1,5402,0
6354,2,4785,0
4012,4,5782,1
8278,1,4862,1
7965,1,1796,0
5567,7,4329,0
4512,8,4680,0
3314,6,4117,1
4841,2,4687,1
8543,2,4956,1
7706,9,1845,1
3686,3,4090,1
7267,7,5832,1
8472,4,4789,1
3848,1,4596,1
7309,8,4348,1
7525,10,4351,0
4320,4,5902,0
5696,7,4874,1
8070,1,4717,0
6379,2,5892,0
4343,5,5759,1
6417,2,4919,0
3713,10,5418,1
8395,10,5629,1
6822,9,1131,1
5315,1,4971,1
7557,4,5482,1
4577,4,5852,0
3514,1,4745,1
7534,5,5607,1
6872,10,1274,1
4890,2,4545,1
8277,5,5226,0
3628,6,4184,0
4228,3,5731,1
3512,8,4904,0
6867,4,1647,0
3607,6,1360,1
7367,8,4228,1
5246,10,4680,0
7043,4,4098,0
4107,8,4292,1
6040,5,1555,0
7903,6,5030,0
3928,10,4305,1
4005,4,5259,0
4619,5,5872,0
8984,3,5249,0
7512,3,1107,0
5915,5,5264,0
4149,8,4702,0
6594,8,1220,0
3333,6,4698,0
7594,1,5211,0
5580,3,4433,1
7238,6,5092,0
3247,5,4496,1
7983,5,5162,0
8979,8,4566,1
3935,5,4096,0
7510,10,1042,1
4623,9,4832,0
4528,4,4910,1
6598,2,1752,0
5610,4,4337,1
8884,9,1764,1
6781,9,4107,0
5418,6,5787,1
5913,10,5280,0
7908,7,4038,0
3714,6,4056,0
7604,7,4818,1
8909,1,1111,0
8268,1,1605,0
7934,8,5328,1
8501,7,5560,0
3968,7,5682,0
3601,1,5363,0
8251,10,4674,1
3706,1,4978,0
4722,7,4723,1
8053,9,1488,0
6789,1,4543,1
6681,3,4869,1
3213,2,4909,0
5931,4,5407,0
7566,4,4800,0
5855,5,4972,0
3527,1,4195,0
3471,2,4853,0
6512,5,1329,0
7162,6,1123,0
7490,8,1892,1
6363,5,4057,0
3073,4,3297,1
5075,3,5966,0
3317,10,4462,1
3150,4,5958,0
3549,5,5735,1
3703,8,4749,0
5079,10,4541,1
6433,7,5553,0
6808,6,4279,0
3065,2,1439,1
7991,5,5802,1
7173,3,1409,0
6918,6,1324,1
7870,6,5045,1
4644,8,5783,0
3654,9,5258,1
5447,4,4248,0
5701,5,5393,1
7819,3,5185,1
8998,5,5931,1
6595,1,1935,0
4609,1,4076,0
6711,2,5328,0
8788,3,4938,0
8224,3,5300,0
5992,5,5697,1
6501,3,1660,0
8549,5,1323,0
7732,3,1007,1
5686,2,4689,0
5082,2,5215,0
3819,10,5882,0
8011,7,1848,0
6633,4,4805,0
5094,8,5432,0
3553,4,5100,0
7476,4,1257,1
5231,9,4404,1
8397,2,5625,0
4038,9,4587,0
4802,2,1385,0
6668,3,4193,1
8719,9,5173,1
7323,6,4576,0
5825,2,5204,1
4248,2,4475,0
8006,6,1537,0
4222,3,5099,1
8897,5,1174,0
7938,4,4016,0
7484,7,1584,0
8781,5,4078,0
5416,2,4343,1
3882,1,5398,0
6746,10,5192,0
8803,3,5379,1
5956,9,5474,0
6901,6,1860,0
5033,8,1274,0
5252,9,1056,1
6323,1,5168,0
3909,9,4307,0
5482,1,4480,0
8580,3,5118,0
3751,10,4445,0
6786,7,4765,0
5317,3,4375,0
4439,5,5875,1
8953,3,4748,0
6471,1,4078,1
8692,2,5301,0
8004,10,1152,1
7631,7,5684,0
7753,5,1868,1
3271,4,5257,0
3552,3,4031,1
8731,3,4961,1
6306,2,1681,1
4683,3,4185,1
8922,6,1662,0
4351,1,5673,0
8002,2,1491,1
8756,10,4416,1
8970,1,4547,0
6336,5,5043,0
7836,6,5181,0
7214,9,1228,0
8475,2,4462,0
7170,5,1784,0
7598,5,5137,0
8163,9,5972,0
4653,10,4668,0
7176,9,1192,1
7158,10,1587,0
5831,8,4634,0
3575,3,4189,0
6034,8,1001,0
3927,8,4451,1
6666,2,5791,1
5842,3,4117,1
4907,8,5318,0
4168,5,5046,0
7227,9,5354,0
5799,2,5544,0
4920,10,4854,1
7895,8,4310,1
6974,10,4316,0
4294,10,4643,1
6982,9,4925,0
5271,6,1461,0
3850,5,4205,1
8593,7,5264,0
7331,5,4686,0
8478,5,5663,0
6772,2,5464,0
3803,7,5905,1
5832,6,5932,1
4647,9,5093,0
3305,3,4213,0
3766,6,5833,1
7120,8,4944,0
7617,2,4686,1
5201,5,4315,0
4572,6,5105,0
5994,8,5267,1
7613,2,5712,0
4009,1,4183,0
7647,6,4934,0
4846,2,5512,0
8202,7,5400,0
3241,2,4268,1
6977,1,5216,1
7630,6,5212,0
3933,5,4096,0
6138,4,4096,1
8457,1,5709,1
3144,7,5085,0
5488,2,4188,0
7855,6,4335,1
5760,2,1324,0
8586,1,5808,1
5624,1,5576,0
5535,9,1302,0
7244,2,4460,0
7861,10,4648,0
4041,4,4208,0
8561,6,1488,1
8782,8,5431,0
3564,8,5472,0
5445,6,5518,0
4233,10,4719,0
8165,3,5444,1
4895,4,4032,0
6414,4,5659,0
3438,2,4279,1
7759,5,1360,1
5658,6,5891,1
3570,6,5964,0
4467,8,4968,1
6503,10,1561,0
5497,2,4270,0
8291,9,4646,0
6740,3,4333,1
6383,10,4447,0
8500,10,4204,1
6819,6,1579,1
4995,6,4260,1
4850,3,4119,0
3523,2,5332,0
8928,1,1836,0
5766,2,1783,1
3250,7,5464,1
5242,6,4873,0
7030,5,4382,0
8314,1,1657,0
5542,3,5801,0
3915,5,4572,0
7397,10,1429,0
6583,1,1480,0
3646,1,5695,1
5394,5,5239,0
5996,4,1018,0
8234,2,5700,0
8601,8,1465,0
6278,8,1686,1
6617,6,1084,0
3653,1,4925,0
6447,10,5594,1
7396,5,1010,1
6513,1,1690,1
8360,8,1805,0
5490,4,5102,0
3148,6,4559,0
7052,2,4027,1
6051,8,1867,0
3857,9,4282,0
7171,6,1460,0
4017,8,4344,1
5861,5,5687,1
3376,3,5488,1
5030,2,1273,1
7806,9,5263,1
5410,9,5592,1
7025,7,4944,1
5633,3,5925,0
6212,7,4413,0
5530,4,1733,1
5283,1,1271,0
7826,4,5408,0
3611,6,4606,1
4973,8,5791,1
7357,6,4953,0
7469,1,1636,0
6397,5,4996,1
8485,4,5130,1
4111,2,4804,0
7333,6,5288,1
4776,3,5241,0
7664,9,5050,0
8193,7,4048,0
7768,9,1354,1
5195,9,4941,0
6750,5,5395,0
8292,8,4342,0
3312,4,5159,0
8938,5,1782,1
5177,6,4412,1
7299,5,5987,1
7483,5,1874,0
4958,10,5414,1
3661,3,4440,0
7008,6,4372,1
6287,6,1688,0
3678,5,4802,1
3808,1,4618,0
8099,9,4717,0
6140,7,5844,0
6249,2,4836,0
7762,4,1145,0
4164,2,5847,0
7791,7,4437,0
3818,7,4699,0
4446,4,4451,1
8036,1,1927,1
8010,3,1586,0
4230,10,4659,1
4513,5,4831,1
6486,10,5425,0
4552,5,1791,1
6085,9,4774,0
3354,2,4554,0
4272,6,4488,1
7595,10,5284,1
3569,3,4152,0
6292,8,1867,0
6442,9,5546,1
8451,6,4345,0
3219,1,4379,1
5007,10,4910,0
3841,4,4069,1
6625,3,5303,0
7291,1,4273,1
8534,6,4801,1
3936,3,4226,0
6069,5,4887,0
6454,4,4450,0
4119,9,5208,0
3310,1,4137,0
8392,1,5005,0
5611,6,4044,0
8820,1,1571,1
7274,5,4084,1
8828,7,1134,0
5812,2,4505,1
8218,7,4994,0
6105,5,5981,1
5649,4,4662,1
8737,9,5672,1
4478,6,4547,0
5420,6,5977,0
3137,4,5956,0
3750,9,5151,0
8528,8,5871,0
3544,3,5837,1
3834,2,5857,1
7489,8,1247,1
4792,3,5718,1
5429,10,4790,0
8921,3,1636,0
4419,5,4399,1
6062,7,4958,0
4324,8,1991,1
5261,5,1033,1
7977,5,4127,0
7962,5,1705,0
5441,6,5274,1
3733,1,5225,1
7656,8,4065,1
6377,5,5216,1
8576,4,4290,0
8259,10,1762,0
8515,7,4764,1
8443,4,4098,1
7743,10,1747,1
8226,9,5146,0
5046,2,5209,0
6047,9,1373,0
8838,6,1491,1
6257,7,1869,1
8746,7,5553,1
8372,4,5611,1
8195,10,4565,0
8505,3,4651,0
3831,8,1512,1
6796,6,4146,0
5521,2,1943,0
7423,9,1575,0
8017,8,1755,0
3641,4,5577,1
5167,2,5618,1
4771,1,5088,0
5432,9,5515,0
5061,3,4939,1
7535,7,5507,1
7703,2,1754,0
8080,4,4666,0
6019,6,1140,0
3638,4,4218,1
6253,6,4741,0
4024,6,5503,0
6731,9,4623,0
3617,7,4439,0
7069,4,4862,0
3238,6,4445,0
4584,7,4284,1
7653,6,5603,0
4398,10,5400,0
4208,2,4141,0
7368,9,4558,0
4888,1,4328,1
4326,3,1203,1
4297,4,1442,1
3338,2,4431,0
8493,5,4512,0
5065,4,4495,0
4154,9,4436,0
7151,7,1875,1
8878,7,1249,1
4485,4,5265,0
6805,7,5197,0
3798,7,4710,1
3941,4,4703,0
3746,3,4426,0
4355,2,5316,0
4785,1,4195,1
4574,9,4469,0
4511,5,4645,0
4391,2,4814,0
6828,8,1060,0
3859,9,4214,0
4862,8,5449,1
3281,7,4116,1
7946,6,5866,0
3255,4,4191,0
3918,8,5982,0
5122,5,5676,1
7292,10,5024,0
7643,5,5090,0
5362,10,4898,1
3568,9,4799,1
8963,9,5648,0
7329,8,5690,1
6816,4,1005,0
6161,5,5683,0
3554,3,4878,0
4941,4,4156,1
7721,2,1516,0
6988,6,5566,0
8276,6,4428,0
8033,3,1740,1
4098,1,4243,0
8668,3,5037,0
4859,4,5757,1
7314,5,5624,0
7880,10,4433,1
7515,10,1148,0
6535,4,5341,0
4956,8,5878,1
6166,9,4775,1
8530,9,4205,0
7432,6,4765,0
3490,6,4734,1
3319,1,4334,0
5325,4,5784,0
5308,7,4314,0
4490,6,4778,1
6290,6,1463,1
8249,10,4540,0
6730,4,4732,0
7945,8,5127,0
5531,5,1399,0
3532,3,5873,1
3397,4,4668,0
3985,1,4672,0
5259,8,1860,1
6419,2,4418,0
3468,10,5633,0
6708,7,4556,0
8230,5,5422,1
5655,3,4030,0
5719,4,4257,1
6873,7,1243,0
6311,9,1917,0
5702,8,5882,0
4710,10,4325,0
5700,2,5662,1
4583,3,5391,1
8753,3,4908,0
4715,8,4644,1
8572,2,4193,0
5561,2,5572,1
3572,5,4077,0
5137,1,4857,0
7944,7,4978,1
4752,1,4344,0
5805,7,5976,0
6824,4,1708,0
7379,9,5658,1
3489,1,5314,1
6327,7,5281,0
3997,6,5667,0
7380,7,5496,0
3805,9,5807,1
6122,2,5210,0
6791,3,4202,0
6880,1,1154,1
6385,6,5905,1
3431,10,5178,1
5687,9,5081,1
8354,2,1018,0
5016,3,1353,1
6764,9,5883,1
3622,1,5700,0
8858,9,4374,1
8663,2,1080,1
7067,4,5683,0
7459,6,1853,1
6733,10,4850,1
6628,9,4694,0
8662,6,1365,1
3868,6,4414,1
8225,10,4327,1
4664,2,4615,1
8008,7,1841,1
3239,3,5055,1
5752,7,5864,0
5288,6,4681,1
6084,6,4852,0
4713,7,4387,0
4616,8,5827,0
6050,1,1780,1
6340,2,5757,1
5128,2,5272,0
5723,8,1983,1
6581,10,1418,1
6500,1,1581,0
8357,4,1771,1
4530,5,4147,1
8016,6,1551,0
6413,7,5988,1
5669,3,5529,0
7724,10,1534,1
5406,4,5817,0
4282,3,4511,0
4529,10,5826,0
5846,10,5612,1
8456,10,5361,0
3414,3,4222,0
8402,1,5297,0
7433,5,4985,1
8686,6,5421,0
8665,9,4917,0
6826,9,1479,1
6644,10,5023,0
6035,4,1677,1
6748,2,5252,1
3976,9,5706,1
7420,3,1444,1
4254,10,4398,0
7666,6,4417,1
4049,3,4599,0
5472,9,1595,0
7727,6,1113,0
8697,1,5775,1
3155,8,4974,1
5047,5,4140,0
6168,5,5398,1
6162,6,4558,0
5492,6,4258,0
7436,4,5219,1
6821,10,1316,0
4042,9,4669,1
5027,1,1980,0
3395,2,4351,1
6584,7,1315,0
4963,6,4168,1
6511,7,1071,0
4692,8,4303,0
3453,9,5497,0
5623,5,5209,0
4011,1,4377,0
6724,4,4259,0
3292,10,5360,0
7585,3,5489,0
8503,8,5301,1
4181,4,4762,0
3916,10,5688,0
5032,6,1112,0
6522,7,5822,0
6337,10,4025,1
3320,6,5221,0
3565,9,5665,1
7188,5,1080,1
3183,6,5721,1
6856,7,5030,1
8027,1,1756,0
8297,2,4673,1
6044,3,1777,1
6070,10,5107,1
7757,7,1067,1
7658,9,5631,0
5280,6,1997,1
8961,3,5746,1
3972,8,4283,0
5873,3,4200,0
5870,8,5717,0
7318,9,5105,1
3410,5,5169,0
8217,9,4060,0
7153,9,1282,1
4472,6,4088,1
6921,10,1798,0
5282,3,1370,0
4114,5,5441,1
5768,2,1627,1
6437,1,4135,1
6662,8,4337,0
8785,1,4006,1
8055,10,1818,0
7662,8,4319,1
5657,2,4978,0
8449,7,5789,1
5204,8,4959,0
4718,6,4560,0
6146,6,5302,0
4369,6,4934,1
5268,3,1844,1
8892,4,1389,0
6716,8,4511,1
5434,9,5791,0
6423,3,4212,1
6620,3,4620,0
6391,4,4069,1
6858,1,5803,1
6443,9,5131,1
4926,8,4398,0
7638,3,4743,0
8544,5,5250,0
6098,8,4106,0
6172,7,5717,0
6006,3,1826,1
6244,2,5769,0
3950,8,5576,0
4884,8,4932,1
4493,4,4832,0
3659,8,4093,0
3629,2,4983,0
5523,2,1212,1
7303,9,5465,0
6350,8,5761,0
6273,7,1447,0
4399,7,4977,1
8460,7,5675,1
5093,6,5182,0
7016,4,5253,1
7175,9,1989,0
3382,2,4417,0
6200,8,4539,1
3089,1,2990,1
5735,7,4619,0
4265,10,5197,0
3892,7,4024,0
6658,2,4336,0
7465,6,1929,0
3366,1,5784,1
3757,5,4787,0
4618,4,4676,0
6298,7,1052,0
8789,5,5413,0
7200,2,1038,1
5384,4,5042,0
4316,6,5379,1
5274,1,1668,0
7316,9,5311,0
8175,9,4526,0
4625,10,4506,0
5455,1,4233,0
6435,9,4937,0
6342,8,5885,1
6174,8,5833,1
7787,1,4834,1
4016,1,4091,1
8989,3,5266,1
8461,8,5083,0
7527,6,5187,0
4503,6,5700,0
4193,10,4711,0
3961,1,5114,0
6319,2,4471,0
8678,2,5654,1
6045,5,1590,0
8246,4,5692,0
4719,8,5209,0
8967,10,4958,1
8853,4,4943,0
7634,7,5988,1
3556,5,5232,0
8349,6,1576,0
5785,6,1550,1
8966,7,4135,0
7435,9,5252,0
8735,3,5712,0
4021,6,5684,0
8191,9,4623,1
3348,3,4914,1
8063,3,4797,0
5342,7,5154,1
6736,1,5533,1
5440,6,5380,0
6265,1,1179,1
5587,7,4929,0
8171,5,5058,0
8573,8,5744,0
8398,10,4341,1
6801,10,4244,1
6523,9,4195,0
6903,6,1491,1
7553,6,5543,0
5175,4,4195,0
6734,2,5016,0
3171,3,5824,1
5306,4,4348,1
4586,8,5419,0
8899,2,1893,1
7339,1,5675,0
7390,6,5667,1
8111,6,5983,0
4588,3,5618,1
4682,2,4217,1
7179,1,1004,1
4703,5,5791,0
4122,8,5983,0
7924,6,4031,1
4693,3,5718,1
4418,9,4671,0
6932,6,5616,1
8303,10,4670,1
3460,8,4321,1
3616,8,4777,0
4346,8,4826,0
4757,7,1404,1
3947,5,5614,1
6613,9,1809,1
5254,10,1266,1
6588,3,1488,1
4476,9,4318,0
4278,3,4099,1
4878,4,5924,1
7315,5,5326,0
4539,2,5334,0
3656,6,5335,1
4605,6,5704,1
7105,7,1884,1
4780,4,4433,0
5059,4,5984,0
6690,5,4193,0
3679,2,5205,1
3377,3,4644,1
6643,2,5389,0
4438,10,4920,0
3495,1,5765,1
7716,6,1887,1
3727,2,4976,1
8046,8,1511,1
8857,4,4476,1
5091,6,5488,1
4216,2,5828,1
5092,10,5041,1
4226,6,4029,1
6483,8,5006,1
8471,7,5331,0
6531,1,4252,0
4807,2,1131,0
4731,5,5031,0
8594,1,4296,1
6790,1,4602,0
3146,1,4971,0
6116,1,4450,0
3228,10,5714,0
7212,4,1052,1
7198,4,1021,0
5402,8,4129,1
3934,7,4620,1
5363,9,5170,1
8122,3,4715,1
3700,8,5922,0
4461,6,5646,0
4212,5,4882,0
4477,10,5255,0
3507,10,4086,1
4629,10,5840,0
7474,1,1824,1
8366,6,1944,1
5969,1,1513,0
7184,9,1108,1
4965,6,5566,0
4636,1,5412,0
5442,3,4184,0
3331,8,5661,0
7389,7,5245,1
4823,9,1800,0
4097,4,4828,1
3303,2,5664,0
7745,9,1312,1
8441,2,5748,1
4735,6,5106,1
3667,3,4202,1
8220,8,4040,1
7261,3,5430,1
7130,6,4025,1
4494,7,4787,1
7466,9,1821,1
4367,2,5098,0
6487,3,4991,0
6158,5,5306,0
7032,10,4997,0
7056,3,5722,1
5901,7,5456,0
8556,9,1667,1
7221,8,2000,0
3518,1,4377,1
4897,10,4265,0
3780,1,4296,1
6369,9,4588,1
5793,1,1200,0
4527,5,4851,1
7922,10,5783,0
3642,5,4064,1
4500,5,5064,0
7751,1,1405,1
8619,9,1548,1
5174,7,5185,0
3599,3,4179,1
8809,1,5283,1
6054,10,1919,1
7551,9,5554,1
7850,1,4912,0
6164,7,4856,0
7482,4,1454,0
5895,5,5502,1
7710,5,1820,0
8373,1,5113,0
5801,8,5881,1
8310,10,1333,1
6498,3,1959,0
4711,8,4781,1
3712,7,4370,1
3272,5,4595,0
7147,7,1880,0
7240,2,4619,0
8667,5,4702,0
6585,4,1097,0
6434,4,4756,1
7450,2,1232,1
6284,10,1418,0
8408,10,4013,1
4237,2,5016,1
8388,10,4498,1
3340,5,5252,0
8931,8,1746,1
4142,2,4964,1
6468,1,4684,0
3669,2,4520,1
6676,5,5328,0
7334,7,4744,0
6526,6,5451,1
6390,1,4977,0
8091,4,5449,0
5459,3,5182,0
6285,6,1298,0
6940,1,5821,0
6727,10,5418,1
3821,8,4440,0
8067,6,4814,1
8613,9,1767,0
8831,6,1887,1
8161,6,4384,0
6264,9,1022,1
4285,3,4242,0
4569,7,4133,0
5890,4,4812,0
7401,5,1854,0
8907,2,1693,0
5790,4,1503,0
7673,2,1475,1
3440,10,4921,1
6540,3,1696,0
3590,2,5210,1
6669,6,5101,1
7876,9,5107,1
6664,4,4512,0
5626,2,5602,1
7554,10,4583,1
3217,5,5735,1
6919,6,1928,1
4533,7,5383,0
6959,2,4504,0
6205,8,5878,1
7736,6,1438,0
3637,10,5001,1
4106,2,4948,0
8338,4,1320,0
4944,3,4938,0
6092,9,5468,1
5720,6,5023,1
3844,7,4805,0
3180,7,5305,0
6213,6,5345,1
6176,5,5422,0
7243,5,4506,0
8885,1,1656,0
5053,1,5274,1
5780,5,1355,1
4510,7,4359,1
7124,8,5276,1
3865,1,4558,1
3999,8,4070,0
3602,7,4486,0
6780,3,5749,1
4130,7,4151,0
5220,5,1975,0
8571,10,5823,0
5838,6,4758,0
8791,2,4746,1
6555,6,1335,0
5433,9,5936,1
5117,5,5664,0
8247,1,4158,0
6269,2,1727,1
3816,2,4113,1
3731,6,5636,0
4838,9,4690,0
3060,6,3936,1
6338,2,4437,1
5314,4,5469,0
5211,4,4814,0
4092,8,1335,0
5386,7,5254,0
8250,10,5413,1
3888,10,5554,0
3873,7,5967,1
4725,8,5362,0
4050,4,4268,1
5334,4,5335,0
6958,2,4054,1
5189,3,5005,1
7651,8,5355,1
3224,3,4489,0
7926,5,5707,1
8129,7,5036,1
7213,10,1866,1
3604,9,1890,0
4304,5,5177,1
4203,2,4231,0
7407,10,1385,0
4593,5,4062,0
6601,6,1631,0
7951,5,1751,0
5020,5,1327,0
8290,9,5704,0
4412,9,4537,0
5186,3,5064,1
5857,9,5735,0
7574,6,4675,1
3185,4,4666,1
5722,5,1712,0
7473,2,1573,1
7618,5,4970,1
4966,8,4715,1
5841,8,5633,0
5056,8,5786,1
4368,3,4700,0
6393,8,5375,0
3298,6,4989,1
3938,6,5863,1
3500,9,5779,1
4833,8,4956,0
3461,1,5663,0
7683,9,4965,0
6356,9,4452,1
7135,8,4944,1
6464,8,5084,0
3582,8,4444,1
4532,7,4287,0
7211,10,1005,0
3650,5,5481,0
8835,2,1847,1
3455,8,5658,1
7388,7,4385,0
7077,8,5557,1
4231,2,5910,1
5109,10,4299,1
6485,9,5525,1
4733,10,5475,1
7441,3,4083,0
6769,6,5841,0
5604,1,4711,1
7054,6,5208,0
6184,4,5579,0
8483,8,4709,0
5041,7,1989,0
6562,9,1377,0
3833,2,5563,1
8433,10,5085,1
4197,6,4005,0
6367,9,4892,1
5879,1,4927,0
7548,2,4026,1
8058,6,4911,1
3863,6,4735,0
3802,1,5965,0
8157,5,4232,0
8061,3,4287,0
8621,10,1720,0
6130,7,5121,0
4672,6,4276,1
4195,4,5325,0
4034,6,5397,0
6729,3,4405,0
4967,1,4090,0
7231,10,5211,0
8709,7,4961,1
5896,5,4180,0
3962,7,4660,1
4717,1,5970,0
7804,9,4239,0
6154,2,5962,0
8325,4,1518,0
7599,2,4085,0
8147,9,4751,1
8287,8,4644,1
7467,2,1969,1
8387,1,5437,1
8801,8,5544,1
8415,3,5682,1
5773,10,1199,1
4408,4,5624,0
5303,8,5868,0
4645,3,4460,1
6560,9,1890,1
8805,4,5831,0
4501,10,5621,1
7810,4,5189,1
5835,4,5275,1
5461,4,1480,0
4365,5,4884,0
5006,7,4916,0
3682,6,4524,0
6024,2,1657,0
7332,7,5294,0
3550,3,4845,1
4673,3,4456,0
8914,9,1405,1
3769,9,4471,1
8012,7,1064,0
3894,3,4968,1
6784,9,5978,1
7034,10,5709,1
5156,9,5297,1
5646,5,5725,0
4311,1,4846,0
8900,10,1961,0
8806,4,5726,0
6440,4,4634,0
5101,5,4710,1
3959,5,5235,1
3716,3,4005,1
5991,6,4056,0
3725,9,5690,0
7230,3,5039,0
8628,10,1568,0
3222,3,5481,1
8701,1,4918,1
6131,5,4782,0
5585,7,5738,0
7121,9,4224,0
8101,10,4574,0
4416,7,5675,1
3942,1,5852,1
3265,2,4905,0
7648,5,5666,0
4531,4,5322,0
8073,10,5997,0
8233,7,5464,0
5198,10,5473,0
5187,3,5438,0
3896,8,4350,0
3511,10,5208,0
6167,4,4808,1
3280,5,4769,0
8532,1,4316,0
6515,6,1335,1
4339,3,5849,1
4910,6,4897,1
7222,4,5006,0
4756,8,1131,0
8488,5,4643,1
3256,7,5765,1
4354,7,4582,1
5100,6,5148,0
7174,9,1096,1
5566,8,4893,0
8477,7,4344,0
8244,3,5646,1
5575,8,4133,1
6579,8,1886,0
5337,9,4293,1
3351,6,5937,0
4103,5,4823,1
8042,8,1045,0
4872,9,5306,1
6799,10,5434,0
4135,4,4796,0
7966,7,5738,0
6208,1,5783,1
3980,2,4140,0
6134,1,5520,0
8336,2,1664,1
6291,8,1631,0
8260,5,1970,0
6460,10,4291,1
4811,9,1353,1
6416,8,5101,1
5331,2,5008,0
6344,2,4622,1
3441,5,5403,0
7341,6,4705,1
8034,3,1046,1
4696,1,4970,1
3917,10,4826,1
8816,9,4118,1
7165,7,1476,0
4340,10,4083,0
4317,3,4390,1
8749,8,4046,1
6001,4,1451,0
6017,1,1014,1
4148,7,5061,0
6802,10,5536,0
7839,3,4890,1
5506,10,1254,1
8636,4,1768,0
3515,3,5897,1
6879,2,1429,1
4460,3,5027,0
5505,8,1553,0
4381,9,4881,1
3919,4,4855,1
4557,6,1005,0
4073,9,4828,1
8196,5,5357,1
3299,4,4420,1
7698,1,4997,1
5199,6,4547,1
3210,7,5836,0
8757,4,4631,0
8676,8,4276,0
5233,4,4259,0
5903,1,4573,1
6041,6,1622,1
4364,3,5112,0
6539,1,1230,1
3783,5,5647,0
4866,6,5920,0
7365,5,4010,1
6547,8,1850,1
7873,8,4908,0
4773,8,4811,0
4590,4,4410,1
7045,3,4442,1
6806,9,5004,0
6715,1,4184,1
8866,6,1727,0
4491,3,4638,0
7760,10,1166,1
6155,7,5685,0
7252,1,5065,1
6887,3,1033,0
4335,2,4172,0
7022,8,4878,1
5240,2,5827,1
8514,9,4787,1
8997,6,4221,0
5536,3,1418,1
6795,8,4337,0
8553,1,1788,1
8118,10,4915,1
4057,4,5484,1
8169,8,5714,0
6627,1,5098,1
3355,5,5038,0
4903,6,4044,1
5040,8,1553,1
6191,1,4332,0
5717,10,5306,1
3640,1,4607,0
8832,5,1381,1
7949,2,4383,0
8795,3,4033,0
6685,8,4965,1
6074,7,5716,1
5366,4,5996,0
7914,9,4140,0
8125,3,5008,0
5250,2,1281,0
7403,5,1490,1
3543,7,5510,1
8886,6,1961,0
5180,8,4950,0
5439,7,4041,1
5042,3,1586,0
6143,10,4533,0
5921,3,4669,0
7992,2,4806,1
4592,6,4411,1
3452,10,5993,1
5188,10,5180,1
5125,1,5746,1
5788,9,1393,0
3367,2,5672,1
6335,5,5875,0
3434,9,5895,1
5162,3,4317,0
6754,3,5641,1
4060,1,4590,0
8463,6,4983,0
5569,5,5757,1
4198,5,4641,0
6687,4,5824,1
4305,9,4720,0
3734,6,4506,0
5212,3,5807,0
3864,1,5514,0
6107,5,5960,0
7098,2,5369,1
5917,10,4955,0
4911,5,5250,0
4978,7,5820,0
6475,6,4575,0
5072,4,4750,0
8425,7,5147,0
7430,7,4809,0
4891,6,4050,0
3691,5,5460,0
4781,8,5715,1
4509,4,5210,1
6495,8,1404,0
5297,8,4980,1
5868,6,5701,1
4919,7,5719,1
5968,7,1079,0
8216,7,4865,0
3384,4,5536,0
3284,1,5154,0
5155,7,5552,1
3458,1,4585,1
4347,3,5034,0
4929,4,5775,0
8840,8,1088,1
8660,10,1166,0
6566,3,1724,1
8446,6,5974,1
5836,1,4585,0
8187,2,5795,1
7342,2,5446,0
7572,2,5189,0
4610,3,4491,0
6960,1,4645,0
4389,4,4505,0
4423,10,4706,0
4900,2,4562,1
7461,5,1918,1
7182,3,1624,1
6063,4,4796,0
8821,8,1551,0
5004,7,5524,1
3791,8,5871,1
7523,7,5947,0
5284,7,1094,1
5415,3,4698,1
6469,4,4080,0
8927,3,1355,0
5847,4,5087,1
6549,10,1247,0
6473,7,5477,1
3409,4,5376,0
4184,1,5843,0
3167,5,5055,0
8584,8,4879,1
6476,10,4725,1
8391,5,4538,0
7210,10,1897,0
6837,1,5214,0
5120,4,5423,0
3415,6,5365,1
3479,1,4799,1
6621,10,5163,0
3216,10,4546,0
8368,8,4423,0
5906,1,5836,0
6479,3,4392,1
5909,10,4847,1
8783,8,5754,1
5845,5,4432,0
6695,5,4623,1
7402,1,1778,1
6641,8,5488,0
6119,6,4104,1
8487,2,5572,1
4601,7,4366,1
7186,3,1200,1
7931,9,5151,1
3488,6,5657,1
4327,8,1327,1
3658,9,5936,0
4465,6,5062,1
3405,3,5447,0
7568,7,5368,1
3503,2,4163,0
5983,2,4158,0
8252,6,5033,0
6590,6,1278,1
4984,4,4150,1
7445,5,4439,1
3361,10,4623,1
6986,3,5624,0
6345,2,4008,1
5278,3,1499,0
8993,9,5345,1
4410,1,4102,0
8585,8,5811,1
6178,6,4382,1
8430,1,5660,0
3524,8,5119,0
5119,9,5070,1
8176,4,5817,0
5008,2,5467,0
4298,8,1883,0
6118,7,5192,1
5012,6,1711,0
3946,3,4930,0
5341,9,4396,0
4917,7,4221,1
3804,8,5204,0
7936,3,5692,1
5632,1,4435,1
5866,4,5344,1
7378,6,4523,1
4626,2,5381,0
8265,9,1235,0
8060,3,5578,0
6930,10,1695,1
4189,9,5731,1
8810,7,5917,1
6942,3,5258,0
5471,1,1039,1
5553,6,4253,0
5225,1,4948,0
3883,5,4644,1
6943,10,4354,0
8706,4,4619,1
5981,8,5170,0
8639,3,1066,1
6080,8,4605,0
5716,1,5242,1
5060,2,4693,0
3668,2,4124,1
8800,7,4142,0
3866,2,4976,0
6229,6,1073,0
4475,9,5360,1
6604,3,1960,1
5796,9,5425,1
4155,4,5965,0
6398,4,5272,1
7827,9,5038,0
8655,7,1727,0
3477,3,5890,0
7639,4,5284,0
5878,5,5008,1
4249,9,5157,0
6326,1,5980,0
7667,7,4172,0
6525,9,5248,1
5541,5,5783,0
4793,4,5112,0
3664,8,4526,0
5470,10,1230,1
5911,2,5198,1
6980,1,4060,1
4736,8,5191,1
5634,8,4443,0
7505,1,1258,1
8605,1,1660,0
6718,2,5010,0
7707,2,1057,1
6128,2,5739,0
7793,4,5383,1
6234,5,5466,0
3956,7,5738,0
5609,5,4342,1
5182,3,5916,1
7828,10,4736,0
3993,9,4729,1
7178,7,1003,0
6640,8,4605,0
8411,2,4836,1
6870,4,1223,1
3977,8,5727,1
3872,3,4283,1
6235,7,5973,1
8023,8,1635,0
5516,10,1170,0
7587,10,5508,0
5173,6,5165,1
7449,4,4704,0
6945,1,4432,1
5691,10,5021,0
5025,7,1294,0
5759,4,1579,0
7733,4,1555,0
7927,1,4247,0
4187,4,4724,0
4867,7,4344,1
4273,1,5362,0
3172,6,4002,1
4440,10,4768,1
8316,10,1719,1
5408,1,4180,1
7139,4,4408,0
6909,6,1561,0
4352,5,5078,0
7788,5,5029,1
7090,8,5929,0
5512,7,1941,0
5807,6,4983,1
7560,2,4543,0
7094,2,5671,1
6593,3,1805,0
5643,5,5090,1
8267,3,1276,0
4591,4,4819,0
4627,3,5839,1
5310,8,5705,1
8319,2,1304,1
6399,7,4079,1
3469,3,4430,1
6182,7,4887,1
6831,7,1754,0
4182,10,4248,0
6527,9,4280,1
5309,7,4816,1
8895,4,1482,0
3190,2,5141,1
3630,9,5045,0
6738,8,5678,1
6403,8,5478,0
4913,6,4855,1
7081,9,5193,0
4240,5,5502,1
8945,1,5898,1
5614,4,5265,1
6931,2,1232,1
7118,3,4832,0
8802,6,4302,0
8824,9,1567,0
3306,8,5218,0
6915,5,1659,0
6578,9,1852,0
4152,6,5116,0
5292,10,5643,1
5073,9,5008,0
6109,9,5245,0
6952,1,5165,1
8455,1,4509,0
5795,8,4615,1
8939,6,1968,0
5619,1,5711,0
4417,9,4555,0
3740,1,4314,1
4287,7,4373,1
7007,4,4910,0
4213,4,5149,0
8427,2,5661,0
5022,3,1969,0
8128,10,4366,1
8293,6,4474,0
8188,6,5480,1
8167,5,5213,1
6891,3,1903,0
4519,7,5543,1
5024,6,1066,0
5312,3,5510,1
8330,4,1776,0
7070,1,4402,1
8882,7,1372,1
5927,5,4930,0
3423,10,4107,0
4526,5,4776,1
3889,3,5113,0
3598,10,5699,1
8531,4,4323,0
3481,7,4159,0
3684,10,4072,1
7236,6,4586,1
3763,2,5437,1
8180,2,4520,1
6629,5,5919,0
3555,7,5409,1
4707,9,4157,0
5377,5,5266,0
4010,10,5973,1
4185,1,4366,1
4655,5,5164,1
4518,8,4540,0
3465,4,5255,1
7677,9,1378,1
8071,3,4209,0
8390,7,4703,0
4383,5,5382,0
8910,4,1321,0
8721,7,4859,0
5145,10,4798,1
4059,7,5876,1
4803,9,1339,0
8077,6,5080,1
3186,10,4842,0
7185,3,1983,1
8018,2,1357,1
7308,10,4353,0
4108,10,5559,1
3876,8,4924,0
5251,7,1046,0
5949,2,4002,0
3287,6,5895,0
5179,3,4072,0
5970,3,1634,1
4848,9,4860,0
8396,4,5622,1
7821,9,5135,1
5966,2,1879,0
5625,5,5612,1
6072,5,5365,0
6301,2,1051,1
6289,6,1637,0
7802,7,5754,0
5465,8,1578,0
4889,2,4014,1
4648,6,5280,1
3952,9,4551,0
6219,8,1691,1
6448,3,4049,0
3978,1,4604,1
8523,1,4913,0
3230,8,4277,0
7654,1,5622,0
5017,6,1730,1
3412,3,4252,1
3485,1,4219,0
5013,8,1909,1
4407,5,4197,1
3380,10,4489,1
3274,4,4864,0
4898,5,5087,0
7887,6,4253,1
8436,6,5652,0
4143,7,4147,1
3633,2,5322,0
6751,8,5668,1
5560,6,5197,1
6228,5,1027,1
6820,9,1266,1
5028,5,1239,0
8599,9,1368,0
8726,4,4758,1
7218,3,1433,0
4723,7,5357,0
7039,5,4435,1
6037,9,1053,0
7773,9,4429,0
3509,6,4687,1
3208,8,4388,0
6753,6,4830,1
7678,3,1022,0
4899,7,4063,0
5097,2,4186,1
5050,5,4435,1
6478,3,4007,1
4015,8,4996,0
7169,2,1510,1
6846,2,5604,1
7272,5,5864,0
7356,7,5503,0
7882,8,4430,0
8641,8,1093,1
7320,7,4808,1
8623,5,1073,1
7350,8,5884,1
3995,9,4682,1
8105,8,4518,0
5918,2,4339,0
4545,9,1511,0
8066,5,5989,1
8904,7,1078,0
8345,1,1622,1
7209,5,1180,0
3226,3,4105,1
5479,5,5997,0
4435,8,4502,0
8695,9,5672,1
5690,4,4684,0
4061,8,4047,0
8153,3,4404,0
4701,3,4556,1
8285,2,4271,1
4291,8,4747,1
5755,7,1172,1
8086,3,4271,0
5706,3,4454,0
8633,3,1450,0
3744,5,4817,0
7697,1,4638,0
6374,6,4620,1
7567,9,5116,1
3447,8,5600,1
6546,3,1520,0
6705,4,4914,1
6591,10,1837,1
5797,6,4145,0
6494,4,1783,1
4728,4,4092,1
8732,5,5703,0
7443,7,4576,0
8980,10,4093,1
5270,1,1660,1
7635,4,5363,0
7317,7,5134,1
4856,9,4112,0
7863,4,5461,0
7516,7,1255,0
6474,8,4616,0
4991,6,1996,0
3498,10,5844,1
5203,6,4942,1
8351,5,1248,1
5276,9,1715,1
7642,2,5226,0
5037,1,1733,0
8156,5,4214,1
5955,8,5694,0
3401,2,5707,0
7112,10,1660,0
8208,2,5272,0
7695,6,4295,0
7439,10,5066,0
5483,4,4380,1
6589,6,1524,0
3141,3,4732,0
7957,6,1857,0
4223,5,5580,0
6293,4,1504,1
6682,6,5676,1
6272,4,1716,1
4338,4,4683,0
8575,1,5731,1
6968,1,5323,0
7684,3,4064,1
5290,1,5198,0
3639,7,4538,0
7458,10,1348,1
8266,6,1068,1
8569,6,5325,1
3620,9,4580,0
8733,5,4126,1
8862,1,1775,0
5176,2,5953,1
4337,4,4551,0
5558,5,4369,0
6622,4,5100,1
7481,9,1188,1
6426,8,4481,0
7748,5,1916,1
4809,6,1803,0
4563,7,1706,1
8510,1,5886,0
6181,4,5289,1
4740,7,5787,0
4378,1,4149,0
8299,5,4363,0
7020,2,5135,0
3991,10,4996,0
7559,6,5659,1
8797,5,4549,0
6848,10,5106,1
6592,6,1066,1
3068,10,1200,1
3595,3,5130,0
7197,6,1386,0
8911,2,1192,0
6331,1,5783,1
7260,5,4363,1
5538,5,1388,1
5666,4,5501,1
4401,3,4278,1
8506,2,5082,0
3971,8,5549,0
5665,1,4458,1
6243,8,5232,0
3160,10,5429,0
6032,1,1488,1
5428,2,4541,0
8713,9,4879,0
5499,1,1215,1
4013,3,5284,0
4136,2,4681,0
3346,1,4985,0
4055,7,1869,1
8590,9,4256,0
8672,1,5725,0
8837,9,1104,0
8051,10,1600,0
6351,4,5873,0
8416,1,5559,1
8045,8,1810,0
7597,10,4380,1
7150,9,1032,1
4923,1,5779,1
7399,9,1235,0
5335,8,4575,0
4279,2,4145,0
3318,9,4857,0
8659,2,1592,0
4020,8,5203,1
6803,3,5364,0
6339,2,4219,0
8331,8,1569,1
6623,8,5351,0
4276,9,4265,1
7660,9,4099,1
5843,10,5171,1
4714,10,5972,0
6151,3,5495,1
3200,6,1931,0
4983,9,5097,0
6913,7,1924,1
5321,2,4430,0
6160,5,4023,1
8924,4,1392,0
5077,9,4306,0
3735,2,4336,1
7502,3,1357,1
6972,8,4408,1
8321,1,1629,1
3478,4,4271,0
7053,9,5794,1
7824,4,5196,1
4406,10,5851,0
6268,2,1804,1
7166,5,1864,1
7892,8,5192,0
7127,2,4425,0
7897,8,5915,1
4113,5,4393,1
6286,3,1174,0
4150,8,5602,1
8384,8,5868,0
4767,2,4902,1
8407,5,4355,1
7910,6,5423,0
7234,7,4041,0
5808,1,5635,0
7064,9,4459,1
7014,3,5215,1
3334,1,4037,1
5515,2,1437,0
8095,2,5851,0
4170,9,5898,1
8350,3,1005,1
7152,3,1374,1
5121,9,5656,0
5279,9,1629,0
3153,8,5695,0
4306,5,5459,0
6955,7,4692,0
7509,3,1710,0
3677,1,5012,0
7545,7,4524,1
6580,9,1117,0
5652,5,5108,0
6232,2,1790,1
7579,7,5720,0
7687,1,4255,1
6510,1,1568,0
7593,1,5352,1
3636,2,4915,1
3705,6,4155,1
7475,2,1625,0
7782,2,5720,1
5316,6,4893,1
5339,10,5718,1
5373,3,4042,0
7674,1,1593,0
7083,5,4643,0
6888,2,1776,1
8555,8,1164,1
7694,2,5672,0
5771,7,1934,0
8582,10,4356,0
8507,9,4491,1
8003,9,1733,0
5640,3,5538,0
5000,8,4950,0
6159,2,4473,0
3690,9,5621,1
4764,2,4984,0
8352,10,1563,1
7493,7,1915,0
5074,2,4647,1
8652,4,1148,0
3665,8,5762,1
4749,1,5865,0
8155,8,4021,1
4388,10,5598,0
4930,3,4056,1
3869,10,4172,0
5916,5,4520,1
5748,2,5273,0
4441,3,5251,0
3753,9,4334,0
8143,2,4742,1
3157,7,4013,1
3045,10,3327,1
3594,5,4785,0
7496,8,1048,0
6218,1,1130,1
8537,2,4914,0
3585,10,5794,0
3535,2,4089,0
3291,2,5643,1
5351,2,4860,0
7570,4,4397,0
6661,10,5943,0
7281,4,5866,0
3768,7,4741,1
6067,5,4440,1
7700,7,5434,0
8410,7,4470,1
7311,10,4967,0
3578,3,4179,0
6967,3,5052,1
8519,2,5257,0
7258,8,4975,0
4805,9,1993,0
4147,2,4028,0
3811,3,5881,1
5344,4,5078,0
8359,5,1989,0
8936,5,1241,0
5809,5,4614,0
3179,8,5588,0
4462,8,5669,1
7102,5,1484,1
5594,10,4024,0
4546,8,1776,0
5263,6,1582,0
4931,1,4518,0
7932,4,4499,1
5206,4,5891,1
8833,8,1150,1
6081,7,4004,1
4109,4,4212,0
5485,8,4132,0
6618,4,1869,0
8679,3,4965,1
7293,10,4715,1
8808,1,4231,0
7462,5,1837,1
4894,3,4047,0
6836,9,5922,0
8005,8,1145,1
5223,5,5213,0
6970,2,5856,1
7106,8,1967,0
5161,6,4964,0
6966,7,4709,0
3243,9,5382,1
5525,8,1949,1
3154,2,5455,0
3963,7,4536,0
8056,7,4411,1
6973,5,4950,0
3531,6,5271,0
7013,2,4410,0
6832,10,4240,0
7636,5,5706,0
7219,9,1400,0
5399,2,5405,0
7792,8,5668,1
7744,5,1608,1
5663,2,5277,0
3191,8,4195,0
8748,9,5295,0
5036,1,1008,0
3785,10,5644,0
6948,3,5496,0
7749,9,1167,0
5684,4,4789,0
8168,1,4786,0
8102,9,4944,1
8777,7,4275,1
5216,10,1321,1
7503,6,1836,1
8589,7,5594,1
3173,1,4201,0
6271,7,1117,1
8743,4,5575,1
8367,9,5469,0
4595,2,5439,1
8704,2,5881,0
3496,7,5967,0
4450,1,5846,1
8306,4,1850,1
8916,5,1735,0
8792,2,5077,0
8240,6,5854,0
3672,4,5203,1
3949,2,4188,0
3143,4,4651,1
3577,4,4776,1
6925,10,1606,0
3329,4,4289,0
4030,10,5066,0
4939,6,4238,1
4413,2,5276,0
7874,7,5818,0
3435,7,5140,0
8846,8,5597,1
7815,9,5211,1
6811,7,1032,0
3632,4,4337,0
7235,3,4143,0
8328,5,1972,1
6798,10,4505,0
6458,1,5356,0
7156,7,1001,1
4986,3,1340,0
7344,1,5179,0
3244,8,4658,1
7011,10,5184,0
3709,6,5067,0
6247,10,4128,0
7925,5,4429,0
3583,2,5281,1
7058,3,5705,0
7800,1,4455,1
3718,3,5156,0
8647,8,1176,0
8546,3,5850,1
5529,6,1851,0
6394,4,4242,1
5407,3,4391,1
7167,2,1409,0
4668,3,4527,0
6299,1,1977,0
6281,1,1657,0
3211,6,5410,0
6022,9,1624,0
7795,3,5607,0
5326,2,5476,0
5543,7,5346,0
5359,3,5542,0
7688,10,4134,0
3624,3,5768,0
5190,8,4699,0
8148,2,4777,1
3561,7,4818,1
7989,2,5616,1
4847,7,5292,0
5011,10,4194,1
4131,3,5756,0
5982,10,4891,0
3070,8,1386,1
8669,1,4949,1
7340,6,5366,1
4329,6,5374,1
8602,5,1373,1
7605,6,5115,0
6908,9,1249,1
7193,2,1279,0
5244,5,5783,1
8504,10,4412,1
5883,2,5556,1
8109,1,4224,0
8371,5,5362,0
5456,9,5750,0
3400,5,4535,1
6957,1,5694,1
8917,10,1646,1
5426,3,5583,1
5973,3,5986,1
3893,5,5014,1
8568,8,4382,0
6288,6,1002,0
6185,9,4500,0
8624,6,1815,0
7133,5,4102,1
5166,8,4227,0
3542,3,4174,0
3363,1,4431,1
7964,4,1123,1
4581,9,4626,1
8064,10,4172,0
8720,6,4607,1
8419,7,5870,1
8723,1,4965,0
3464,9,4887,1
8343,9,1369,0
3279,6,6000,0
5776,10,1659,1
3774,5,5366,1
5409,5,5528,0
6222,6,1667,0
4453,4,5363,0
6061,8,4391,1
4252,4,4197,1
5732,4,4243,1
5320,7,5517,0
7970,1,4856,0
3497,4,4719,1
4562,10,1317,1
6911,10,1574,1
5330,9,5548,0
5302,3,4015,0
6946,5,5632,0
8133,9,5095,0
3579,10,4038,1
7816,10,4035,0
4246,1,4705,0
3413,9,4532,1
8727,4,5830,1
5559,1,4243,0
7282,2,4636,1
4729,5,4038,1
7699,6,4630,1
6096,10,4225,0
7786,6,4964,0
5431,9,5577,0
8289,2,4492,1
4247,1,4518,1
6195,9,4307,0
6256,5,1963,1
5051,10,4068,0
8741,8,5877,0
8918,5,1742,0
7207,3,1426,1
4162,8,5382,0
8563,7,1049,1
7939,7,5359,0
4642,1,5810,1
3166,3,4811,0
3960,6,5604,1
3365,2,4615,1
6148,7,4138,1
4141,10,5333,0
4782,10,4626,0
3920,1,5001,1
4666,2,4052,0
3145,5,5335,0
3829,7,1116,0
5498,10,4472,1
7226,5,4919,1
8744,7,4572,1
7959,7,1477,0
8124,2,4809,0
6573,3,1597,1
7756,9,1618,0
4158,10,5460,0
5258,5,1228,0
5603,3,5740,1
6358,9,5932,0
6305,2,1249,0
7858,10,5972,0
7536,4,5566,0
7101,1,1177,0
3444,7,5098,0
8389,7,5541,0
6624,9,4733,1
3975,10,4470,0
4312,7,5091,1
7065,3,4807,0
4202,1,5148,1
5629,5,5834,0
3024,4,1548,1
6871,10,1140,0
6838,9,5322,1
8830,2,1690,1
7154,9,1329,0
5573,2,4284,0
3663,5,4681,1
7725,4,1623,1
7424,3,1705,1
8949,9,4713,1
4585,9,4278,0
4348,6,5386,0
4268,10,4245,0
4515,1,4122,1
4032,8,5946,0
5462,2,1752,1
8137,1,5282,0
6774,9,4753,0
7758,3,1248,0
5715,3,4538,1
8238,3,5571,0
4935,10,4361,1
3581,3,4478,0
4606,5,5167,0
8437,8,5376,1
7410,8,1592,1
7784,9,5634,0
6868,1,1124,1
5002,9,4843,1
8968,10,4860,0
6242,1,4492,0
5601,4,5806,1
7549,8,5385,1
3135,4,5916,1
8421,3,4885,1
7478,4,1509,1
8842,4,1118,1
8606,2,1581,0
6389,1,4194,1
5517,2,1070,1
6706,3,5964,0
4428,10,4375,0
7649,1,4357,0
4161,3,4562,1
6361,3,4665,1
8513,2,4357,1
7180,9,1551,0
3924,5,5469,0
6855,7,4056,1
5593,9,5186,0
8935,2,1061,1
4482,8,5396,0
5782,7,1384,0
4634,3,5233,0
7145,6,1761,0
8620,10,1027,0
4319,2,4190,0
5446,7,5328,1
7543,4,4604,1
6963,7,5107,0
4069,1,4170,1
3973,5,4346,0
5147,10,4076,0
4429,2,5653,1
5513,6,1312,1
8047,6,1507,0
7018,1,4426,0
7781,9,4086,0
4480,6,5439,1
6157,4,5361,0
7038,10,4137,0
7794,5,4861,1
5620,6,4795,1
3576,10,1400,1
4687,5,4139,1
3422,1,5671,0
5235,10,4305,1
3693,4,4311,1
4819,10,1832,1
6900,10,1694,1
7563,7,5190,1
6108,7,5427,1
5151,5,5080,0
7766,7,1090,0
7669,3,1667,1
5209,8,4667,0
3984,2,5797,1
7767,9,1417,1
8767,9,5388,0
6163,8,5032,1
8848,6,5054,1
5770,4,1648,1
7386,5,4032,1
6616,8,1709,0
4090,6,1329,1
6466,1,5621,0
4071,7,4873,1
6813,5,1708,0
4454,10,5173,1
4936,4,5119,1
5443,3,4068,0
5043,9,1011,0
6994,6,4145,1
8470,3,5432,1
3467,3,5062,1
4559,4,1837,0
5840,10,5164,1
8535,5,4507,1
6314,9,1622,1
8574,10,5802,1
8174,4,5717,0
4499,6,5951,0
8166,9,4768,1
6835,5,4553,0
3615,1,5244,0
6638,5,5604,1
8212,5,5915,0
8944,2,4883,1
5218,9,1585,0
5347,10,5073,0
8597,6,5642,0
4121,1,5826,0
8653,8,1021,0
8913,1,1196,0
5285,6,1873,0
6330,1,5129,1
8547,3,4389,0
7492,1,1415,1
4432,8,5045,1
7096,5,5339,1
4589,8,4369,1
3793,1,5677,0
7742,8,1631,1
7040,5,5914,0
3494,9,4410,0
7954,3,1336,1
7277,7,5746,1
4996,10,5674,1
3591,1,5543,0
8429,8,4114,0
5496,9,4947,1
8722,9,4108,0
5473,4,4493,1
3539,10,4820,1
8228,10,4806,1
5369,9,5643,1
4447,6,4885,1
3313,10,5121,1
7395,3,4480,0
5052,5,4805,1
3257,6,4883,0
6934,5,5133,1
8937,3,1224,0
3418,2,5396,0
4568,2,5311,0
4025,9,4091,0
8498,1,4877,0
5710,1,5682,1
5423,3,5771,0
5226,2,5921,1
8577,6,4454,1
3707,5,5161,0
6684,9,4491,1
6647,10,4108,1
4402,7,4423,0
4769,9,5724,0
8856,10,5998,0
5245,10,4931,0
3879,6,5486,0
8815,1,5721,1
8964,8,4820,0
3260,8,5486,1
3508,6,5618,0
7624,3,4071,1
6922,9,1809,0
3159,4,5547,1
6608,9,1205,0
7417,4,1791,1
6450,7,4744,1
5273,9,1418,0
5071,7,4133,0
5298,3,4181,0
7522,9,4284,1
8811,10,5901,0
7840,5,5223,0
6611,1,1384,1
5185,4,4245,1
4481,6,5250,0
6209,10,5371,1
5478,9,5730,1
8807,8,4921,0
4044,10,4387,0
6626,4,5910,0
6089,5,5790,0
7480,7,1409,0
6255,1,1434,0
8085,9,5363,1
5695,4,5116,1
3720,4,4303,0
3188,6,5755,0
7571,2,5715,1
4436,7,4542,1
7713,3,1665,0
3227,4,4743,1
7027,10,5865,0
4100,1,5541,0
8482,10,5401,0
3336,2,4931,1
5106,5,5456,1
8673,8,5869,0
7245,1,4704,0
8690,5,4732,0
4875,1,4753,0
7377,4,4857,1
7294,6,5482,0
7326,10,4410,0
7157,1,1400,1
6570,2,1520,1
3644,6,4109,1
5704,4,5587,0
7068,4,5107,0
6744,5,4871,0
5635,5,5513,0
6165,1,4088,0
7737,8,1289,1
7477,8,1616,1
7947,8,4091,1
8469,9,4678,0
8059,1,5560,0
8685,9,4565,1
6318,2,1150,1
8595,10,5389,0
4893,3,5013,0
4139,7,5720,0
6892,6,1059,1
3195,1,1293,0
7562,2,4176,1
5144,2,5627,1
7168,10,1886,0
4906,6,4505,1
5830,3,5270,1
6933,1,5392,1
5787,5,1264,1
8758,1,5581,0
6615,4,1653,0
5677,8,4367,0
6516,4,1281,0
8854,10,4575,1
5070,2,4190,1
6983,10,5749,0
7250,1,4999,0
8638,2,1798,0
8241,6,5582,1
6250,8,4200,0
3425,5,4693,1
4745,10,4923,0
7374,9,5841,1
5181,5,4892,0
4540,10,5875,0
5116,1,4369,0
6924,9,1729,0
7772,1,5301,0
5451,9,4152,1
5554,9,4720,1
3242,5,4716,1
4123,7,4597,0
4927,4,4816,0
4404,3,4343,0
6987,3,5374,0
5885,10,5147,0
3315,6,5686,0
8332,8,1748,0
8823,6,1239,0
4068,10,4986,0
5532,1,1216,1
7134,3,5555,0
3943,4,5505,0
5475,6,5892,0
7021,7,5248,1
4084,9,4883,0
3316,10,5379,1
4096,9,4360,0
6810,4,5860,0
6432,10,5077,1
5494,4,5368,1
5600,1,4365,1
7942,8,4718,1
6211,5,4523,0
8450,1,4379,1
6203,8,4262,1
4301,2,5427,1
7033,7,5219,1
4709,3,5839,0
7206,2,1824,0
3156,1,5040,1
8906,1,1871,1
6461,2,5844,0
8445,7,5180,0
4387,1,4132,1
5296,4,5716,0
3688,4,5449,1
5034,6,1005,1
8570,2,5177,1
3970,1,4004,0
4922,7,4293,0
5734,2,4214,1
4960,10,4933,1
7148,9,1128,0
7313,2,4277,0
7672,6,1246,0
5572,1,5703,0
4102,9,4191,0
8773,9,5631,1
4547,9,1880,1
7266,9,5555,1
3825,1,5978,0
5486,10,4053,1
6964,9,4766,0
6679,9,5614,1
4132,2,4237,1
7001,4,5908,1
6410,7,4150,0
6077,6,5016,0
7517,5,1844,0
6575,6,1703,1
7251,9,4881,0
7607,8,4797,1
8479,2,4461,0
4795,7,5257,1
5083,9,4865,1
7779,5,4325,1
5165,8,4758,0
7425,2,1012,0
5260,8,1987,1
5436,4,5928,1
5810,7,5814,0
5596,6,5509,1
4484,10,4524,1
4680,9,4411,0
6710,1,5385,1
6885,8,1284,1
8946,1,5717,0
7468,5,1996,1
4630,2,5908,0
7107,5,1118,0
8905,10,1698,0
5300,6,5889,0
6422,1,5922,1
6845,8,4774,1
4151,9,4299,0
5551,2,4232,1
6113,10,4577,1
4624,6,5962,1
3525,8,4883,0
7805,10,5181,0
7650,2,5416,1
7189,1,1507,0
4415,10,5032,0
6373,5,4661,1
4431,4,4314,0
6430,2,4162,1
3891,4,5900,1
7921,9,4158,0
8231,8,4786,1
5481,8,4650,1
5590,3,5394,0
7283,7,4799,1
3139,5,4622,0
6506,10,1020,0
4522,8,5595,1
4253,10,4933,0
3619,6,5954,0
4674,10,4321,1
4234,3,4741,1
3715,2,4990,1
7055,6,5964,0
5851,5,5334,1
6965,5,4874,1
5727,10,1366,0
3462,6,5994,1
8903,4,1948,1
8444,5,5989,0
8592,6,4390,1
8185,10,4571,1
3743,4,5089,1
7958,6,1154,0
5662,4,4627,0
8872,10,1289,1
3522,7,4075,0
6505,9,1829,1
3278,5,5398,1
8873,4,1567,0
5450,4,5683,0
7163,6,1704,1
5540,4,5048,0
4201,3,5020,0
6884,3,1145,0
7504,8,1555,0
6028,8,1923,0
5974,1,5159,1
5477,7,4243,1
6995,3,5546,0
7237,5,5734,1
7883,7,5522,0
3388,9,5695,0
4186,6,4946,1
7771,5,5691,0
3789,5,5638,0
8337,2,1781,1
6496,8,1717,1
6818,6,1632,0
3699,5,5750,0
3951,7,5814,0
7513,5,1876,1
5729,3,1687,0
6079,2,5502,0
4551,1,1448,1
4667,2,5208,0
3930,4,5767,0
4357,1,5881,0
7426,7,1693,0
3416,10,5673,0
5733,10,5749,1
8948,4,5622,0
5792,3,1514,1
5599,2,4835,1
7050,1,5844,0
8896,2,1516,0
6276,3,1544,1
4177,8,5953,1
3986,9,4038,1
5933,9,4069,0
7884,3,5866,1
4066,10,4734,0
3273,7,5359,1
4037,8,5440,1
5884,7,5228,0
7269,7,5891,0
8847,8,5694,0
7448,5,5325,1
5089,2,4718,0
7233,8,5627,1
7878,1,5394,1
6849,6,4380,0
5508,4,1446,0
8194,5,4374,0
6717,7,5379,1
5170,4,4634,1
7438,9,4243,0
3603,7,4049,1
6827,3,1471,1
3499,2,4136,0
6602,5,1512,0
5397,5,5663,0
7225,4,4108,0
4938,2,5973,0
7479,1,1924,1
7533,8,4759,1
4702,5,5441,0
8978,8,4192,0
6462,4,5759,0
8750,5,5950,0
4865,5,5552,1
4345,6,4524,0
7203,6,1911,0
6274,8,1038,0
4077,10,4583,0
3466,2,4299,1
4952,10,4277,0
7059,1,5460,0
7831,2,5724,1
3011,4,3754,1
8139,2,5741,1
7495,3,1118,0
8771,5,5608,1
3897,3,4113,0
7869,5,4456,0
5510,6,1342,0
8282,8,5244,1
3182,9,5412,0
3517,1,4228,1
6548,6,1864,0
8962,7,4265,0
8386,4,5174,1
7387,8,5066,1
6542,10,1512,0
5253,1,1278,0
4314,7,4957,1
6029,10,1068,1
5414,8,4463,0
4870,8,5831,0
6600,5,1563,0
4691,1,5325,0
5833,8,5986,1
5355,3,4191,1
5888,10,4290,0
4621,9,4317,1
6863,4,1303,0
5607,4,5405,0
8094,2,5600,0
3652,1,5433,1
4444,9,4228,1
5417,9,4322,0
5613,6,5398,0
4726,6,5282,0
4602,9,5026,0
5132,5,4951,1
4858,5,5191,0
7820,7,4486,0
8654,9,1793,1
8462,5,4670,1
8863,6,1336,0
7720,1,1239,0
4507,2,4363,0
4622,3,5944,1
4308,6,5266,1
8864,2,1196,0
8764,9,5085,1
6914,2,1693,1
8843,1,4889,1
7830,10,5610,1
5045,6,5635,0
5926,9,4074,1
7088,8,5366,1
5653,9,4741,1
5783,2,1679,0
6833,2,4696,0
6362,7,4718,0
5936,9,5853,1
3687,4,5800,0
3810,1,4216,1
8604,4,1202,0
8356,2,1255,0
8283,7,5709,0
8084,6,4600,1
5301,5,5230,0
7136,5,4624,0
7917,4,4018,1
5159,3,4930,0
3396,6,4616,0
3372,5,5346,0
5778,8,1755,1
6347,7,5935,0
3839,5,5570,1
4750,5,5338,0
3169,9,1198,1
7894,7,5395,1
4525,10,5448,0
5328,10,5608,0
8855,4,4496,1
6049,8,1341,0
4002,1,5137,0
6068,5,4440,0
4801,2,1216,1
4933,10,5858,0
6817,9,1287,0
5086,2,5593,0
3828,10,1690,1
5400,6,4505,1
8629,7,1168,0
8981,4,4811,0
8375,8,4915,0
5962,2,1326,1
3237,10,4406,1
7544,6,5033,1
8552,3,1824,0
7514,10,1962,0
4094,5,5146,1
3289,7,5943,1
3695,7,5534,0
7829,10,4927,1
4730,9,4458,0
8302,2,4219,0
5990,9,4214,1
8068,2,4438,1
6357,8,5620,0
4975,7,4471,0
6689,10,4858,0
6720,3,5669,0
8683,1,5722,0
6088,8,5321,0
7619,5,5445,1
3411,7,5802,1
4039,10,4183,0
7232,1,5220,1
7937,4,5161,0
5229,10,5289,0
4421,10,4264,1
4786,1,5144,0
4313,8,4433,0
5343,6,4573,0
8908,1,1549,1
3407,2,4459,1
5804,8,4142,1
7336,9,4940,0
5693,10,5308,0
7872,2,5975,1
3806,4,4145,0
3800,3,4862,1
3931,1,4378,0
3330,2,5776,0
6439,3,5440,1
7362,9,4990,0
7003,5,5530,1
8818,6,5992,1
8739,8,5541,0
3592,1,5632,0
7920,4,4905,1
8489,8,4241,0
6312,9,1826,0
3926,2,5656,0
7460,9,1646,1
3957,1,4391,0
6170,5,4647,0
5489,2,4459,1
7183,4,1330,1
5146,7,5509,1
4081,7,5113,0
8423,6,4744,1
8271,6,1470,1
4086,6,1272,1
5010,3,5253,0
7456,8,1409,0
5818,1,5742,0
8901,1,1085,1
7988,8,5623,0
6488,3,4811,1
7941,5,5361,0
7986,7,5317,0
8237,4,5337,0
6065,10,4141,1
4459,10,4596,1
8362,7,1711,0
4089,4,1678,1
8087,8,4348,0
3623,4,5846,1
3236,2,4554,1
8365,2,1550,1
8405,6,4343,1
4824,6,1153,0
5214,4,1739,1
3983,1,5343,1
8414,8,4447,1
4144,10,4880,0
6577,2,1221,0
5112,7,4954,1
6704,10,4212,1
4270,4,5418,1
6270,7,1503,1
7542,9,5508,0
4689,6,5716,0
8607,3,1830,1
3175,3,4909,1
3586,3,5546,0
6568,3,1116,0
3979,5,5135,1
6697,1,4587,1
8950,7,5342,0
6728,2,4566,0
8776,10,5305,0
6502,4,1913,1
5294,5,4163,1
7857,2,5461,1
6395,6,4894,1
7961,3,1434,0
4742,6,5289,0
5552,9,5979,1
4263,10,5537,0
4274,6,4257,0
3370,9,1752,0
5712,3,5193,0
7843,10,5782,1
8380,5,4120,1
4219,5,4383,0
8307,9,1133,1
6521,4,5329,1
3671,1,5154,0
4964,7,4540,1
5202,5,5316,1
6013,7,1795,0
6334,2,4177,0
3375,3,5801,0
8048,8,1443,0
3741,10,4244,1
5003,1,4931,0
6156,3,5704,0
7419,9,1654,1
5192,9,5326,0
6699,1,4606,0
7418,7,1260,1
4720,9,4468,0
4134,10,5011,0
3722,4,4782,1
4517,3,4477,0
7955,7,1859,1
6368,5,5154,0
5210,6,5445,0
3323,2,5712,1
6912,2,1765,0
6653,10,4575,0
3267,4,4416,0
4704,10,5678,0
5556,4,4180,0
4261,4,5699,0
6541,7,1239,1
5081,4,5588,0
6320,7,4852,0
5547,1,4133,1
4747,4,4614,0
6406,1,4042,0
3711,2,5331,0
6251,8,4896,0
4770,8,4672,0
7890,5,4450,1
8312,5,1041,0
6411,6,5269,1
4679,6,5102,0
4632,8,5131,0
8052,9,1527,0
7431,2,4440,0
3339,7,4332,1
8333,8,1741,0
5631,2,4995,1
8040,3,1537,0
5507,7,1209,1
4874,10,4829,1
4474,10,4115,1
6418,7,5331,0
5438,10,5190,0
6672,5,5659,1
8138,6,4633,1
4947,4,4600,1
6775,2,4660,1
5123,6,5061,0
6771,4,5617,0
7415,7,1132,1
7301,9,5940,0
7999,2,1120,1
6971,9,5076,1
3807,6,5637,1
8439,3,4660,1
5726,7,1274,0
4300,9,5856,0
4483,1,5749,0
5021,8,1925,0
7202,10,1534,1
5591,1,4482,0
3077,7,1145,1
5628,2,4700,0
8533,1,4624,1
5319,4,4401,0
6709,3,4610,1
4600,9,5735,0
4790,6,5285,1
5467,4,1716,0
3770,8,4516,0
4685,9,5994,1
4851,10,4799,1
6969,4,4482,0
7609,7,4799,1
5960,10,5439,1
6094,8,4921,0
3732,10,4530,1
7718,3,1136,0
5961,10,1623,1
8502,6,4691,0
3981,5,4713,0
5621,8,4222,0
5224,1,4924,0
7809,2,4474,0
8057,1,5719,0
3571,5,4261,1
8022,4,1032,0
3904,10,5381,0
8115,9,5459,1
6721,6,4234,0
6936,6,4179,0
5374,8,4890,1
8494,7,4486,1
5922,4,4053,0
6632,6,4932,0
7860,2,4636,1
3847,7,4636,0
8812,9,5316,0
7589,7,5894,1
7072,8,4940,0
5247,4,5833,0
7381,6,4236,0
5058,3,5920,0
5393,1,5331,1
3773,9,4733,1
5544,3,5888,0
6865,1,1192,0
5642,1,5057,0
8235,6,4600,0
3756,9,4163,0
3282,7,4960,0
4631,9,4483,0
4914,2,5710,1
6508,9,1771,1
5031,7,1599,1
3386,4,4343,0
5582,7,5712,1
8768,7,4852,0
8671,10,4784,1
4180,4,5666,0
3608,7,5478,0
8025,8,1826,1
5026,4,1762,1
6760,7,5695,1
3152,3,4167,1
3420,7,5559,1
6854,3,5624,0
7216,7,1638,1
6266,9,1974,0
5943,4,5017,0
3895,7,4632,0
3648,5,5174,0
3697,9,5279,1
8358,6,1737,0
7257,10,5670,0
7532,4,5437,0
6910,9,1817,0
8745,7,4977,0
8869,5,1395,0
5975,1,4762,0
3430,9,4793,0
5311,7,5573,1
5678,6,5282,0
8418,7,4598,0
8742,8,5793,0
4908,6,4751,1
8588,6,5154,1
8103,5,4743,0
3385,9,5565,0
3662,1,4866,0
4806,5,1572,1
6639,10,4659,0
6126,9,4591,1
8754,7,4855,1
8766,2,4913,0
5504,6,1864,1
6990,8,4292,1
7808,6,5150,0
4008,1,5189,1
7780,8,5030,1
5113,4,4203,1
5236,8,5000,1
7271,2,4534,0
4361,2,5150,1
7601,2,4041,1
4373,2,4468,1
3923,4,5332,0
4163,6,4423,1
4992,9,1258,1
5993,8,4893,0
3221,9,4868,1
3787,3,5000,0
8406,5,4484,0
7875,1,4082,0
7719,3,1504,0
8164,3,4345,1
4646,6,4001,1
8076,9,5382,0
4969,8,5910,0
3325,8,5287,1
6261,5,1558,0
5370,6,5826,0
5219,2,1833,1
6382,9,4967,1
8725,7,5231,0
5087,1,5089,1
7799,5,5743,0
4615,9,4005,1
7296,6,5266,1
3760,4,5127,0
6747,8,5416,0
3885,4,5139,1
3817,8,5398,0
6701,10,5175,0
4363,2,5442,0
7918,3,4970,0
5586,4,5349,0
4974,3,5232,0
3823,5,4570,0
5786,3,1880,1
7628,5,4373,1
4575,4,5902,0
4598,7,5099,0
5659,4,4541,0
3344,6,5715,0
4470,10,4508,1
6125,3,5168,1
3965,6,4332,0
4118,10,4486,0
5110,6,4349,0
4948,2,5692,0
7087,3,5773,1
7646,6,4963,0
4430,3,4527,0
6441,8,4134,0
4737,6,5772,0
4594,9,4889,1
6947,7,4768,0
4392,7,4694,1
6194,10,5296,0
4937,7,5768,1
4167,7,5496,0
7259,2,4888,1
3589,1,4973,0
5396,5,4781,1
6825,3,1321,0
6260,10,1372,1
3449,10,4075,0
5731,6,5015,0
6776,9,4251,0
3202,2,1648,0
3988,2,5251,1
3657,2,5154,1
6114,4,5233,1
5874,8,4898,0
8975,2,4712,1
4994,6,5603,0
8874,2,1983,0
4040,5,5626,0
3433,2,4053,0
7729,6,1552,0
3992,6,5890,0
7108,4,1151,0
8035,1,1178,0
6360,9,5594,0
6192,7,4126,0
6875,9,1072,0
7844,1,4783,1
8536,10,5282,1
7348,5,4255,1
7373,10,4726,0
4732,2,4281,0
6840,7,5340,0
8819,2,1087,1
4159,3,5398,0
8170,5,4974,1
4864,9,5360,0
6992,10,4788,0
7031,1,5862,0
4157,5,5950,1
6124,2,4629,1
6404,6,4343,1
8717,5,4754,1
7865,6,4761,1
5178,8,5225,0
6078,3,4512,0
3755,2,5978,1
3251,3,5877,0
3994,5,4568,1
5090,4,4632,0
4695,2,5083,0
7907,6,5375,0
4211,8,4493,0
8608,6,1872,0
4506,7,5425,1
5197,5,4664,0
4380,8,5591,0
7345,4,5926,0
5688,7,4424,0
5249,2,5378,1
4617,1,4323,0
8374,6,4800,0
6481,10,4663,0
6843,7,4938,0
3262,9,5881,1
3417,9,5301,0
5038,1,1406,1
8729,7,5974,0
5751,4,4531,0
5018,7,1666,1
8598,3,1409,0
7408,10,1713,0
6956,2,4677,1
8329,6,1718,0
4882,5,4364,1
5989,8,5519,1
5354,1,4621,1
7614,8,4005,1
8960,9,4660,0
8977,7,5838,0
3597,9,4085,0
4394,4,4681,0
6794,10,4310,0
3905,8,5872,0
8009,1,1857,1
4315,3,4120,1
7632,8,4725,0
7026,9,5248,1
5476,3,4922,0
6183,5,5673,1
6543,2,1823,1
8932,5,1657,0
8804,9,5832,0
5705,8,4594,1
5824,3,5287,1
4643,7,4717,1
8112,3,5602,0
5923,5,5661,0
3799,8,5306,1
4665,3,4154,1
7369,2,4071,1
8209,5,4250,0
6985,7,5151,1
8236,6,5583,0
3674,9,4359,0
5364,5,4833,0
8618,5,1951,0
6614,5,1358,1
5803,7,5417,0
7322,7,5600,0
8841,4,1990,0
6493,10,1787,0
6307,2,1630,1
4560,4,1245,1
5066,6,5596,0
4036,6,4170,1
4738,6,5894,1
3424,4,5481,1
4433,3,5630,1
6645,3,4555,0
4777,6,4385,0
3929,1,4812,1
8454,6,5013,1
5380,5,4314,1
4587,10,4364,0
4887,5,4343,0
7889,5,5339,0
8550,2,1167,1
4207,1,5094,1
7290,6,5716,0
5064,9,5131,0
6998,3,4042,0
8434,1,4932,0
8656,4,1653,1
5914,10,5619,0
4353,8,5646,0
3443,4,5671,0
6216,9,1113,0
3356,2,5893,1
8627,1,1793,1
7851,7,5510,0
7906,4,5531,0
5371,5,5782,0
5932,3,5292,0
6938,4,4186,1
3867,9,5875,0
7645,6,4990,1
4677,2,4242,0
5048,4,5905,0
8759,10,4289,0
6607,7,1597,1
6136,4,5913,1
7761,6,1793,0
5762,10,1913,1
4970,3,4824,0
7811,2,4783,1
6677,5,5724,1
5078,4,4918,0
4127,5,5017,1
4541,3,5936,0
6436,8,4567,0
4409,4,5805,0
3580,3,5118,1
7142,7,1349,0
3288,9,4511,0
7994,6,5121,0
3391,6,4044,1
4183,8,5037,0
4662,7,4152,0
4138,5,4750,1
8150,4,4405,1
5948,8,4930,0
4580,6,5930,0
8458,4,4102,1
8116,3,5520,1
4827,2,5671,0
6538,1,1246,1
5725,4,1509,1
3502,8,4977,0
5184,6,5854,1
7084,5,5719,0
6609,4,1705,0
5935,3,4429,0
8090,7,4422,1
4538,8,4209,1
6656,1,5378,0
8888,2,1837,0
6688,6,5059,0
3164,1,5834,0
5001,5,4149,1
6809,7,4501,0
7343,7,4709,0
8315,6,1118,1
7913,6,5101,0
3596,5,4668,0
6507,6,1758,0
5365,5,5072,1
7276,4,5068,1
5427,4,4756,0
5963,8,1678,0
8631,6,1279,1
6217,8,1434,0
8117,6,4493,0
7241,6,5473,1
6981,10,4944,0
5579,3,4648,1
6043,4,1667,0
8829,1,1673,1
7220,3,1956,1
3178,1,5622,0
8693,6,4226,1
3890,7,4506,1
7287,4,5851,1
7701,6,5210,1
5848,7,4742,0
5694,10,5696,0
7730,1,1817,1
6597,9,1918,1
8859,3,1469,1
5458,7,4009,1
7801,4,4518,0
5929,7,5515,0
8649,10,1383,1
7140,1,1696,0
3838,5,4804,1
8517,1,4768,0
8497,1,4543,0
8952,3,5747,0
8852,3,5062,0
4849,1,4872,0
6238,4,4206,0
8054,5,1073,0
8192,4,4271,0
7916,6,4747,0
3387,8,4763,1
6058,8,5924,0
8736,4,4867,1
8173,1,5855,0
8491,1,4198,0
4566,5,1818,1
5829,9,4529,1
7359,7,4550,0
5806,3,5396,1
5881,10,4693,0
3332,2,5840,1
3353,10,4486,1
4245,6,5296,1
8700,7,5073,0
6378,2,4263,1
5353,9,5549,0
8263,2,1912,0
4497,2,5709,0
6188,9,5288,1
7974,9,4435,1
4471,3,5549,0
7985,1,4038,1
5744,2,5825,0
5946,10,4639,1
3738,3,5545,0
3953,9,4571,0
7837,8,5629,1
3437,3,4409,0
8972,2,5629,1
4981,10,4208,0
8370,10,4714,1
5940,7,4873,1
8286,3,4550,0
8486,5,5019,0
3551,1,4783,1
3233,8,5955,1
8448,7,4487,1
8643,2,1441,0
4953,10,4721,0
4140,4,4955,1
6415,10,5225,1
7286,3,4067,0
6215,1,1159,0
4014,10,4963,0
7581,6,5508,0
4318,10,4004,0
8539,10,4020,0
8969,9,5203,0
8151,9,5070,0
7164,9,1381,0
3666,9,5777,1
3520,4,4868,1
8799,6,4172,1
4727,5,5608,1
6048,4,1392,0
8178,9,5920,0
6412,3,5651,0
5947,6,4998,0
5463,2,1256,1
7899,2,4219,1
6223,9,1519,1
4852,2,5829,1
3350,4,4352,0
6277,2,1136,1
3613,4,5783,0
8032,10,1059,0
6739,10,5564,0
6241,10,5156,0
3908,5,4971,1
6472,3,5531,1
6405,4,4965,0
7086,1,5134,0
4104,1,4986,0
7777,8,5940,0
5549,3,4811,0
6490,10,1014,1
3504,1,5337,0
7953,9,1319,0
5514,2,1809,0
4331,10,5373,1
3349,6,4942,0
3445,7,4138,1
7690,8,4164,1
6302,3,1851,0
3158,7,5616,0
8645,3,1574,1
7330,1,5013,0
6550,1,1654,1
6186,4,5991,0
6248,6,5037,1
7159,5,1588,0
8136,7,5415,0
4708,10,4583,0
3337,10,4776,0
7976,4,4375,0
7823,1,4500,1
6005,5,1253,1
4359,9,5721,1
4654,6,4632,0
6651,6,5868,0
7262,2,4065,1
7739,7,1007,0
5647,6,5207,0
8926,3,1482,0
3932,9,4388,0
6572,9,1253,1
3269,8,4949,1
8875,4,1308,0
3362,6,5298,0
7971,7,4780,0
7041,2,4529,0
7128,6,4573,1
5750,5,4129,0
8340,3,1663,1
7752,1,1472,0
3907,3,5243,0
4839,1,4165,1
6303,2,1073,0
5763,2,1158,1
3742,3,4267,1
8711,3,4719,0
5453,5,4716,0
8850,1,4996,0
4734,8,5980,0
4565,2,1817,0
6016,7,1354,1
8281,2,5260,1
7764,10,1171,1
4942,9,5168,1
3940,5,5126,0
4753,10,4070,0
6978,7,4057,0
6027,9,1280,1
6905,7,1300,0
6053,5,1614,0
6534,7,5479,1
7110,7,1461,1
6881,4,1044,0
3649,4,4514,1
5777,6,1049,1
3268,1,5892,1
6355,3,4018,0
6263,3,1242,1
6066,2,4949,0
4425,3,5168,0
3436,9,5450,0
7224,6,5044,0
6444,5,5514,0
7099,9,5186,0
4912,1,5391,0
3196,3,1747,1
5674,9,5797,0
5057,2,5684,0
5102,4,5654,0
6650,5,5577,0
4688,4,5724,1
6091,6,5051,1
5837,3,4653,1
6519,10,5221,0
5172,1,5490,1
4876,3,5142,1
4608,2,5104,1
8041,8,1133,0
5194,3,4834,0
4288,5,5013,0
7623,3,5195,0
5742,8,5460,1
7375,7,4856,0
8581,6,5256,0
3728,1,4249,0
6207,3,4199,1
6564,4,1009,0
4128,2,4893,0
6171,3,5223,1
8755,5,5465,1
8447,2,4855,0
7019,8,4243,1
5295,10,5149,0
6532,3,4385,0
7765,6,1735,1
6214,1,1193,1
4325,3,1527,1
8790,9,4840,1
3748,10,5957,0
4169,6,5893,0
5454,7,5380,0
3910,7,5875,0
8301,4,4552,0
7384,6,4403,0
5928,8,4581,0
7455,4,1560,1
4194,5,5756,1
4768,9,5804,0
4721,7,5026,0
3258,9,5337,0
7355,8,5087,1
3204,5,4282,0
3796,4,4248,0
7520,2,4094,1
6545,5,1750,1
3207,2,5138,0
3948,9,4955,0
8134,6,4463,0
8752,10,5931,0
8245,10,4175,0
4514,8,4793,0
7093,1,5749,0
5405,4,4102,1
4614,7,4082,0
5376,3,5831,1
4582,2,5349,0
7042,8,5486,0
6359,4,4363,1
4112,3,5615,0
3967,9,4322,1
6989,8,5653,1
4256,6,4832,1
8353,7,1592,0
5388,6,4700,1
7611,8,5979,0
4217,1,5534,0
3198,1,1678,0
5324,5,4724,1
7324,2,4529,0
8716,8,4323,0
6554,7,1007,0
4681,7,4062,0
4774,1,4632,0
4670,9,4902,1
7835,9,4868,1
6878,5,1702,1
6698,9,5657,1
4999,7,4501,1
6258,2,1565,0
4980,7,4414,0
8162,4,4132,0
7834,8,5253,1
5988,5,5375,0
7444,2,5012,1
6702,1,5597,0
6381,7,4611,0
5998,2,1730,0
6004,2,1981,0
6121,3,4644,0
4940,4,5498,0
7037,7,5977,0
5754,4,4192,0
8524,4,5066,1
4639,5,4424,1
4676,3,5032,1
3457,8,5218,0
5656,2,5725,1
6499,1,1735,1
5526,9,1698,1
5821,4,5179,0
8206,7,4031,1
4224,10,5001,0
6556,4,1551,0
5327,5,5621,1
4473,6,4247,1
5221,10,1270,0
7919,6,4121,1
4492,10,4008,0
5942,1,5559,1
3538,6,5398,1
3406,7,5536,0
4179,1,5825,0
5491,8,4901,0
8222,8,5923,0
5241,10,5567,1
4831,6,5984,0
4051,4,5075,1
6893,10,1906,0
7078,5,4142,1
7104,8,1691,1
8044,6,1604,0
3368,6,4872,0
8786,7,4072,0
4596,2,5503,0
4058,6,4280,0
8617,1,1384,0
6297,10,1176,0
6380,4,4969,1
7933,6,5713,0
6021,7,1607,0
4083,1,5501,0
3610,9,5178,1
8160,4,5521,0
8015,8,1426,1
4943,9,5237,0
5291,4,5780,1
3451,5,5118,0
7940,10,5674,1
7818,4,4699,1
4262,9,4418,1
5357,8,5760,1
8971,9,4656,0
8119,10,5529,1
7082,5,5540,0
5265,4,1236,1
5124,6,4226,1
5605,7,5846,0
8890,8,1437,1
4924,8,4450,1
5108,3,5656,1
7929,3,4962,1
6046,4,1594,0
5938,8,5070,0
6011,7,1620,1
5389,7,4733,0
3548,2,5791,1
8509,6,5482,1
7615,10,5382,1
5937,3,4496,1
8031,3,1965,1
6869,5,1794,1
5618,10,5675,0
6325,2,5235,0
7755,6,1591,1
7422,1,1210,0
8106,1,5261,0
6654,3,5417,0
6384,1,5442,0
5055,1,5922,1
5005,6,5560,1
8126,4,5936,1
6713,8,4767,0
8499,1,5017,1
8024,2,1937,0
4379,4,5137,1
7552,10,4086,0
5711,7,4933,1
4524,3,4454,1
4328,3,4885,1
4080,2,5876,0
4344,9,4462,0
7905,8,5754,1
3719,10,5991,1
3218,6,4432,1
3759,7,4553,1
8614,8,1339,0
7704,6,1630,0
6202,6,4376,0
4133,5,4735,0
3205,2,4312,0
8322,10,1248,0
5984,7,5808,1
4022,8,5726,1
8684,2,5917,1
5264,6,1882,1
3352,7,5947,0
6254,4,4530,1
4056,3,1376,0
4384,3,5836,0
4052,8,5646,1
8634,10,1920,0
6343,4,5106,0
6665,7,5089,0
4976,10,5995,0
4783,8,5867,1
3035,10,1441,1
7457,5,1703,1
7057,4,4804,0
6127,8,4410,0
3106,3,3234,1
5084,6,5611,0
5823,1,5724,0
5346,2,5740,1
3925,4,5578,1
4414,3,4405,0
8545,8,5884,1
8891,4,1035,0
3374,9,5841,0
4918,2,5365,1
4684,4,4962,0
7394,9,4224,0
5568,3,4000,0
4857,7,4297,0
4744,7,5178,0
4830,8,4994,0
3634,9,5196,1
7051,10,4604,0
6596,10,1927,0
4772,3,5347,1
6586,6,1513,0
5589,9,5838,1
7062,10,4415,0
7048,9,5148,1
6759,5,4610,0
3877,2,4290,0
7817,4,4399,1
7440,9,4128,0
7541,10,5121,1
8650,9,1329,1
4205,4,4759,1
6722,9,4329,0
4215,2,4958,0
8339,9,1361,0
7671,9,1436,0
4072,8,4927,0
3673,4,4374,1
4633,5,4632,0
8889,10,1144,0
5598,9,4298,1
3480,5,4700,0
7015,8,5780,0
5062,4,5919,0
7279,6,5926,1
4686,8,4576,0
3922,7,5764,0
6346,8,5337,1
7060,3,4723,0
3063,7,3725,1
5139,7,4305,1
8127,4,4401,0
8661,4,1633,1
3290,7,4649,0
8204,1,4051,0
5602,2,5358,0
7000,1,4837,1
5683,6,4112,1
6634,8,5045,1
6874,2,1852,1
8465,3,4636,1
6396,5,4317,1
4778,4,4354,1
5305,8,4422,0
8991,10,5528,1
6484,3,4433,0
5774,1,1957,1
7366,5,4562,0
6692,3,5683,0
8670,3,5837,1
5160,10,5111,0
5738,6,5281,0
6524,10,4145,0
4299,9,4733,0
4120,2,4058,1
6683,4,4298,0
6851,4,5068,1
7770,6,1003,1
8120,10,4632,0
8521,4,4008,1
5163,7,5491,0
7125,9,4730,1
3383,5,4869,1
5107,1,4346,1
3379,10,5322,0
4028,10,4562,0
5392,7,4343,0
5345,4,5942,1
3404,10,4146,1
6026,6,1119,1
8083,7,4609,0
5207,10,5619,1
7685,7,4883,0
4766,4,5924,1
7255,2,4447,1
7371,7,4569,0
6153,8,4002,0
5791,2,1017,1
3402,7,4289,1
6221,2,1629,1
8957,4,5330,0
3689,9,4608,0
3964,7,4114,0
6997,5,5588,0
8121,5,4767,1
8464,10,5428,1
4836,1,5793,0
8142,4,4130,1
7063,9,5112,1
4214,10,5002,1
4321,1,4653,0
4957,2,5860,0
4962,1,5670,0
5638,10,4198,1
7061,3,4453,1
4808,6,1335,0
7295,2,4426,0
7679,3,4617,0
7074,1,5004,0
3347,10,4796,0
6446,8,5961,1
5761,6,1505,1
7155,2,1400,0
4825,10,1428,0
3296,5,4933,1
8198,7,5891,0
8210,4,5809,0
8851,3,5672,1
8566,1,5745,0
4576,1,5463,1
3163,9,4862,0
8898,2,1812,0
8468,6,5758,1
7696,6,4199,1
8956,4,4686,1
3220,7,5219,0
3557,10,5696,0
5068,10,4691,0
7856,6,5899,1
3840,3,4749,1
5352,2,5655,1
5444,7,5971,0
7239,9,5470,0
3283,3,4449,0
4115,3,5937,0
6366,8,5714,1
5262,2,1749,0
3311,2,5206,0
7705,1,1605,1
6907,3,1530,1
3761,7,5449,0
6149,5,4806,0
7254,5,5183,0
6847,5,4488,1
5872,5,5686,0
3487,6,5722,1
7888,9,5016,0
3680,2,5588,0
6834,7,4555,1
6009,3,1506,0
7670,8,1257,0
6599,3,1639,0
4269,8,5790,0
7249,9,5432,0
4087,9,1949,1
6401,1,4274,0
6741,9,5440,0
6752,2,5978,1
8708,1,4108,1
4949,7,4597,0
5422,5,4012,0
4954,3,5620,1
8037,7,1837,1
5158,10,4361,0
7519,2,4071,0
7486,9,1071,0
7846,2,4831,1
7864,4,5060,1
7832,7,5990,1
3958,5,4625,0
7603,1,5454,0
5269,6,1005,1
3463,6,4218,0
3898,9,4314,0
3161,5,4292,0
6765,10,5554,1
8865,1,1021,0
7612,4,4564,0
7132,5,5042,1
8317,10,1669,0
8364,7,1818,0
4553,7,1364,0
8199,5,4031,0
4979,2,5734,0
8520,4,4992,0
6309,3,1930,1
3147,7,4883,0
3901,8,4148,0
8253,4,4324,0
7691,2,5481,0
8453,10,5226,1
5741,9,5886,1
4045,1,5500,1
5518,4,1248,1
4799,7,1644,1
4362,1,4730,0
7969,6,4213,0
3206,1,4331,0
8385,8,5719,1
8625,8,1471,0
8551,4,1783,0
8682,4,5479,0
5965,6,1185,0
5907,6,4703,0
8817,9,5652,1
3878,7,5115,1
6102,8,5198,0
8583,6,4788,1
5562,9,5143,1
4842,4,4821,0
3371,3,5470,0
8154,2,4269,0
4333,10,4646,0
4275,7,5961,0
3886,5,4643,0
8696,7,4607,0
3426,6,5957,1
7500,5,1418,1
7146,2,1637,0
7973,7,5384,0
6111,10,5137,1
7393,6,5064,1
4290,6,5939,0
7010,7,4032,1
4463,7,5677,1
6889,1,1290,1
6230,4,1716,0
6630,7,4907,1
5412,2,5473,1
5985,9,4249,1
8309,3,1777,0
3505,1,4721,0
4570,7,4817,1
4206,4,5415,0
6353,2,4567,0
8114,8,4011,0
5892,3,4824,0
7576,8,4223,1
7555,1,5356,1
6770,1,4393,1
5697,5,5329,1
6371,3,4131,0
4486,5,5915,1
8849,3,4677,0
4033,2,4784,0
7421,10,1995,0
8813,8,5401,0
5664,8,5516,0
3651,3,5409,0
4334,3,4638,0
7385,2,4086,1
